Workbook
Name \0: #REF!
Name \1: #REF!
Name \a: #REF!
Name \b: #REF!
Name \c: #REF!
Name \e: #REF!
Name \p: #REF!
Name \x: #REF!
Name \z: #REF!
Name _: #REF!
Name _________________________esc15: "#ref!"
Name _________________________esc4: "#ref!"
Name _________________________esc6: "#ref!"
Name ________________________esc15: "#ref!"
Name ________________________esc4: "#ref!"
Name ________________________esc6: "#ref!"
Name _______________________esc15: "#ref!"
Name _______________________esc4: "#ref!"
Name _______________________esc6: "#ref!"
Name ______________________esc15: "#ref!"
Name ______________________esc4: "#ref!"
Name ______________________esc6: "#ref!"
Name _____________________pv3: #REF!
Name ____________________Ele200502: #REF!
Name ____________________esc15: "#ref!"
Name ____________________esc4: "#ref!"
Name ____________________esc6: "#ref!"
Name ____________________pv3: #REF!
Name ____________________Ser200705: #REF!
Name ____________________Ser200712: #REF!
Name ____________________Ser201104: #REF!
Name ____________________TR2: #REF!
Name ____________________TR5: #REF!
Name ___________________Ele200502: #REF!
Name ___________________Ele200609: #REF!
Name ___________________esc15: "#ref!"
Name ___________________esc4: "#ref!"
Name ___________________esc6: "#ref!"
Name ___________________pv2: #REF!
Name ___________________pv3: #REF!
Name ___________________Ser200506: #REF!
Name ___________________Ser200705: #REF!
Name ___________________Ser200712: #REF!
Name ___________________Ser201104: #REF!
Name ___________________TR2: #REF!
Name ___________________TR5: #REF!
Name __________________Ele200502: #REF!
Name __________________Ele200609: #REF!
Name __________________esc15: "#ref!"
Name __________________esc4: "#ref!"
Name __________________esc6: "#ref!"
Name __________________pv2: #REF!
Name __________________pv3: #REF!
Name __________________Ser200506: #REF!
Name __________________Ser200705: #REF!
Name __________________Ser200712: #REF!
Name __________________Ser201104: #REF!
Name __________________TR2: #REF!
Name __________________TR5: #REF!
Name _________________Ele200502: #REF!

Sheet TabelaVarreçãoMec
A1: SERVIÇO | B1: DATA | C1: LOCAL | D1: TIPO DE EQUIPAMENTO | E1: UNIDADE | F1: QUANTIDADE | G1: OBSERVAÇÃO
A2: VARREÇÃO MECANIZADA | B2: 46290 | C2: SETOR 3 | D2: VARREDEIRA MECANIZADA | E2: KM | F2: 52.869 | G2: SEG, QUA, SEX
A3: VARREÇÃO MECANIZADA | B3: 46290 | C3: SETOR 5 | D3: VARREDEIRA MECANIZADA | E3: KM | F3: 52.811 | G3: SEG, QUA, SEX
A4: VARREÇÃO MECANIZADA | B4: 46290 | C4: SETOR 7 | D4: VARREDEIRA MECANIZADA | E4: KM | F4: 53.756 | G4: SEG, QUA, SEX
A5: VARREÇÃO MECANIZADA | B5: 46291 | C5: SETOR 10 | D5: VARREDEIRA MECANIZADA | E5: KM | F5: 49.761 | G5: TER, QUI , SÁB
A6: VARREÇÃO MECANIZADA | B6: 46291 | C6: SETOR 8 | D6: VARREDEIRA MECANIZADA | E6: KM | F6: 52.217 | G6: TER, QUI , SÁB
A7: VARREÇÃO MECANIZADA | B7: 46293 | C7: SETOR 3 | D7: VARREDEIRA MECANIZADA | E7: KM | F7: 52.869 | G7: SEG, QUA, SEX
A8: VARREÇÃO MECANIZADA | B8: 46293 | C8: SETOR 5 | D8: VARREDEIRA MECANIZADA | E8: KM | F8: 52.811 | G8: SEG, QUA, SEX
A9: VARREÇÃO MECANIZADA | B9: 46293 | C9: SETOR 7 | D9: VARREDEIRA MECANIZADA | E9: KM | F9: 53.756 | G9: SEG, QUA, SEX
A10: VARREÇÃO MECANIZADA | B10: 46294 | C10: SETOR 10 | D10: VARREDEIRA MECANIZADA | E10: KM | F10: 49.761 | G10: TER, QUI , SÁB
A11: VARREÇÃO MECANIZADA | B11: 46294 | C11: SETOR 8 | D11: VARREDEIRA MECANIZADA | E11: KM | F11: 52.217 | G11: TER, QUI , SÁB
A12: VARREÇÃO MECANIZADA | B12: 46295 | C12: SETOR 3 | D12: VARREDEIRA MECANIZADA | E12: KM | F12: 52.869 | G12: SEG, QUA, SEX
A13: VARREÇÃO MECANIZADA | B13: 46295 | C13: SETOR 5 | D13: VARREDEIRA MECANIZADA | E13: KM | F13: 52.811 | G13: SEG, QUA, SEX
... A38: VARREÇÃO MECANIZADA | B38: 46308 | C38: SETOR 8 | D38: VARREDEIRA MECANIZADA | E38: KM | F38: 52.217 | G38: TER, QUI , SÁB

Sheet Vias p Setor
C2: OBJETO: Contratação de empresa especializada para a prestação de “Serviços de limpeza pública urbana do município de Aparecida de Goiânia, Estado de Goiás, compreendendo os serviços de coleta domiciliar e comercial, varrição mecanizada, varrição manual, e equipe de serviços diversos de remoção de entulhos e materiais inservíveis, capina e raspagem”
C3: CONCORRÊNCIA PÚBLICA TIPO: MENOR PREÇO N° 012/2023
C4: CONTRATO: | D4: =#REF! -> #REF!
C5: DATA: | D5: =#REF! -> #REF!
C6: CONTRATADA: CONSÓRCIO SQ APARECIDA SUSTENTÁVEL - CNPJ.: 56.309.119/0001-03
C7: PERÍODO: | D7: =#REF! -> #REF!
B9: =#REF! -> #REF!
B11: SETORES X AVENIDAS E RUAS X FREQUÊNCIA
B12: RÓTULOS DE LINHA | C12: SOMA DE COMP (D) | D12: SETOR | E12: FREQUÊNCIA
B13: AVENIDA ATLANTICA | C13: 0.062 | D13: 1 | E13: SEG QUA SEX 1
B14: AVENIDA LIBERDADE | C14: 0.104 | D14: 1 | E14: SEG QUA SEX 1
B15: AVENIDA MARACANA | C15: 0.058 | D15: 1 | E15: SEG QUA SEX 1
B16: AVENIDA TROPICAL | C16: 0.079 | D16: 1 | E16: SEG QUA SEX 1
B17: AVENIDA UNIAO | C17: 0.063 | D17: 1 | E17: SEG QUA SEX 1
B18: AVENIDA 13 DE MAIO | C18: 0.236 | D18: 1 | E18: SEG QUA SEX 1
B19: AVENIDA ATLANTICA | C19: 10.162 | D19: 1 | E19: SEG QUA SEX 1
B20: AVENIDA C | C20: 0.072 | D20: 1 | E20: SEG QUA SEX 1
B21: AVENIDA DA PAZ | C21: 3.13 | D21: 1 | E21: SEG QUA SEX 1
B22: AVENIDA DEMOCRATAS | C22: 2.615 | D22: 1 | E22: SEG QUA SEX 1
B23: AVENIDA DOM PEDRO I | C23: 0.189 | D23: 1 | E23: SEG QUA SEX 1
B24: AVENIDA DUQUE DE CAXIAS | C24: 0.983 | D24: 1 | E24: SEG QUA SEX 1
... B51: RUA GENERAL URQUIZA | C51: 0.053 | D51: 1 | E51: SEG QUA SEX 1
B52: SETOR 1 | C52: =SUM(C13:C51) -> 41.062
B53: AVENIDA EPIACAUBA | C53: 0.052 | D53: 2 | E53: SEG QUA SEX 2
B54: AVENIDA RIO VERDE | C54: 0.897 | D54: 2 | E54: SEG QUA SEX 2
B55: AVENIDA CAPIABA | C55: 7.271 | D55: 2 | E55: SEG QUA SEX 2
B56: AVENIDA CARAÍBA | C56: 1.95 | D56: 2 | E56: SEG QUA SEX 2
B57: AVENIDA CURUSSA | C57: 8.901 | D57: 2 | E57: SEG QUA SEX 2
B58: AVENIDA EPICAUBA | C58: 0.222 | D58: 2 | E58: SEG QUA SEX 2
B59: AVENIDA GUIRAUPI | C59: 0.018 | D59: 2 | E59: SEG QUA SEX 2
B60: AVENIDA RIO VERDE | C60: 31.344 | D60: 2 | E60: SEG QUA SEX 2
B61: AVENIDA SÃO PAULO | C61: 0.038 | D61: 2 | E61: SEG QUA SEX 2
B62: RUA VINTE E CINCO C | C62: 0.05 | D62: 2 | E62: SEG QUA SEX 2
B63: SETOR 2 | C63: =SUM(C53:C62) -> 50.743
B64: AVENIDA ANCHIETA | C64: 0.906 | D64: 3 | E64: SEG QUA SEX 3
B65: AVENIDA EPIACAUBA | C65: 0.087 | D65: 3 | E65: SEG QUA SEX 3
B66: AVENIDA GUYRAUPIA | C66: 0.647 | D66: 3 | E66: SEG QUA SEX 3
B67: AVENIDA LIBERDADE | C67: 0.135 | D67: 3 | E67: SEG QUA SEX 3
B68: AVENIDA RIO VERDE | C68: 0.052 | D68: 3 | E68: SEG QUA SEX 3
B69: AVENIDA UNIAO | C69: 1.412 | D69: 3 | E69: SEG QUA SEX 3
B70: AVENIDA 13 DE MAIO | C70: 0.864 | D70: 3 | E70: SEG QUA SEX 3
B71: AVENIDA 1A RADIAL | C71: 3.892 | D71: 3 | E71: SEG QUA SEX 3
B72: AVENIDA 2A RADIAL | C72: 3.845 | D72: 3 | E72: SEG QUA SEX 3
B73: AVENIDA ANCHIETA | C73: 4.935 | D73: 3 | E73: SEG QUA SEX 3
B74: AVENIDA ARUANÃ | C74: 1.904 | D74: 3 | E74: SEG QUA SEX 3
B75: AVENIDA ATLANTICA | C75: 0.053 | D75: 3 | E75: SEG QUA SEX 3
... B88: RUA GENERAL URQUIZA | C88: 0.023 | D88: 3 | E88: SEG QUA SEX 3
B89: SETOR 3 | C89: =SUM(C64:C88) -> 52.869
B90: AVENIDA A | C90: 3.016 | D90: 4 | E90: SEG QUA SEX 4
B91: AVENIDA BENEDITO SILVESTRE DE TOLEDO | C91: 0.181 | D91: 4 | E91: SEG QUA SEX 4
B92: AVENIDA FURNAS | C92: 0.488 | D92: 4 | E92: SEG QUA SEX 4
B93: AVENIDA 21 DE ABRIL | C93: 3.217 | D93: 4 | E93: SEG QUA SEX 4
B94: AVENIDA ATLANTICA | C94: 0.246 | D94: 4 | E94: SEG QUA SEX 4
B95: AVENIDA BRASIL | C95: 2.272 | D95: 4 | E95: SEG QUA SEX 4
B96: AVENIDA C | C96: 8.104 | D96: 4 | E96: SEG QUA SEX 4
B97: AVENIDA INDEPENDENCIA | C97: 19.337 | D97: 4 | E97: SEG QUA SEX 4
B98: AVENIDA PERIMETRAL | C98: 5.806 | D98: 4 | E98: SEG QUA SEX 4
B99: RUA BRASIL | C99: 0.207 | D99: 4 | E99: SEG QUA SEX 4
B100: RUA C 32 | C100: 0.022 | D100: 4 | E100: SEG QUA SEX 4
B101: RUA QUARENTA E TRES | C101: 0.049 | D101: 4 | E101: SEG QUA SEX 4
... B109: RUA DOUTOR ADAIL VIANA SANTANA | C109: 0.169 | D109: 4 | E109: SEG QUA SEX 4
B110: SETOR 4 | C110: =SUM(C90:C109) -> 51.476 | D110: 4
B111: AVENIDA GUANABARA | C111: 0.639 | D111: 5 | E111: SEG QUA SEX 5
B112: AVENIDA INDEPENDENCIA | C112: 0.477 | D112: 5 | E112: SEG QUA SEX 5
B113: AVENIDA ODORICO NERY | C113: 0.058 | D113: 5 | E113: SEG QUA SEX 5
B114: AVENIDA QUINZE DE NOVEMBRO | C114: 0.032 | D114: 5 | E114: SEG QUA SEX 5
B115: AVENIDA VEIGA VALE | C115: 0.029 | D115: 5 | E115: SEG QUA SEX 5
B116: AVENIDA DIAMANTE | C116: 11.5 | D116: 5 | E116: SEG QUA SEX 5
B117: AVENIDA EIXO PRIMARIO | C117: 14.133 | D117: 5 | E117: SEG QUA SEX 5
B118: AVENIDA ESCULTOR VEIGA VALLE | C118: 6.99 | D118: 5 | E118: SEG QUA SEX 5
B119: AVENIDA GUANABARA | C119: 1.043 | D119: 5 | E119: SEG QUA SEX 5
B120: AVENIDA INDEPENDENCIA | C120: 0.399 | D120: 5 | E120: SEG QUA SEX 5
B121: AVENIDA J 2 | C121: 0.149 | D121: 5 | E121: SEG QUA SEX 5
B122: AVENIDA MIN. JOSE AQUINO PÔRTO | C122: 3.427 | D122: 5 | E122: SEG QUA SEX 5
... B135: RUA DOUTOR OMAR CARNEIRO | C135: 0.297 | D135: 5 | E135: SEG QUA SEX 5
B136: SETOR 5 | C136: =SUM(C111:C135) -> 52.811 | D136: 5
B137: ALAMEDA A DOZE | C137: 0.242 | D137: 6 | E137: SEG QUA SEX 6
B138: ALAMEDA A OITO | C138: 0.113 | D138: 6 | E138: SEG QUA SEX 6
B139: ALAMEDA A TRES | C139: 0.222 | D139: 6 | E139: SEG QUA SEX 6
B140: ALAMEDA A 1 | C140: 0.084 | D140: 6 | E140: SEG QUA SEX 6
B141: ALAMEDA A 12 | C141: 0.899 | D141: 6 | E141: SEG QUA SEX 6
B142: ALAMEDA A 2 | C142: 0.259 | D142: 6 | E142: SEG QUA SEX 6
B143: ALAMEDA A 3 | C143: 0.251 | D143: 6 | E143: SEG QUA SEX 6
B144: ALAMEDA A 8 | C144: 0.793 | D144: 6 | E144: SEG QUA SEX 6
B145: ALAMEDA A4 | C145: 0.147 | D145: 6 | E145: SEG QUA SEX 6
B146: AVENIDA ODORICO NERY | C146: 0.042 | D146: 6 | E146: SEG QUA SEX 6
B147: AVENIDA SAO JOAO | C147: 0.02 | D147: 6 | E147: SEG QUA SEX 6
B148: AVENIDA W 01 | C148: 0.459 | D148: 6 | E148: SEG QUA SEX 6
... B176: RUA DOS BENJAMINS | C176: 0.029 | D176: 6 | E176: SEG QUA SEX 6
B177: SETOR 6 | C177: =SUM(C137:C176) -> 43.774 | D177: 6
B178: ANEL VIARIO | C178: 0.24 | D178: 7 | E178: SEG QUA SEX 7
B179: AVENIDA ANCHIETA | C179: 0.061 | D179: 7 | E179: SEG QUA SEX 7
B180: AVENIDA V OITO | C180: 0.132 | D180: 7 | E180: SEG QUA SEX 7
B181: AVENIDA 1A RADIAL | C181: 0.123 | D181: 7 | E181: SEG QUA SEX 7
B182: AVENIDA 2A RADIAL | C182: 0.15 | D182: 7 | E182: SEG QUA SEX 7
B183: AVENIDA CENTRAL | C183: 0.037 | D183: 7 | E183: SEG QUA SEX 7
B184: AVENIDA CHEVALIER JAFETE | C184: 0.265 | D184: 7 | E184: SEG QUA SEX 7
B185: AVENIDA COEMITANG | C185: 0.036 | D185: 7 | E185: SEG QUA SEX 7
B186: AVENIDA EMBAIXADOR | C186: 1.962 | D186: 7 | E186: SEG QUA SEX 7
B187: AVENIDA LIBERDADE | C187: 10.396 | D187: 7 | E187: SEG QUA SEX 7
...

Sheet CONSOLIDADO
A1: SERVIÇO | B1: DATA | C1: LOCAL | D1: TIPO DE EQUIPAMENTO | E1: UNIDADE | F1: QUANTIDADE | G1: OBSERVAÇÃO
A2: ROÇADA MANUAL | B2: 46167 | C2: Trindade CENTO E TRINTA E SEIS | E2: m² | F2: 1186.9089
A3: ROÇADA MANUAL | B3: 46167 | C3: Trindade CENTO E TRINTA E SEIS | E3: m² | F3: 1887.8866
A4: ROÇADA MANUAL | B4: 46175 | C4: Independencia 1 Com. St. das Mansoes CENTO E TRINTA E SEIS | E4: m² | F4: 952.23532
A5: ROÇADA MANUAL | B5: 46175 | C5: Independencia 1 Com. St. das Mansoes CENTO E TRINTA E SEIS | E5: m² | F5: 1928.5245
A6: ROÇADA MANUAL | B6: 46175 | C6: Independencia 1 Com. St. das Mansoes CENTO E TRINTA E SEIS | E6: m² | F6: 1970.0997
A7: ROÇADA MANUAL | B7: 46175 | C7: Independencia 1 Com. St. das Mansoes CENTO E TRINTA E SEIS | E7: m² | F7: 1980.4117
A8: ROÇADA MANUAL | B8: 46175 | C8: Independencia 1 Com. St. das Mansoes CENTO E TRINTA E SEIS | E8: m² | F8: 2003.5244
A9: ROÇADA MANUAL | B9: 46182 | C9: Cidade Satelite Sao Luiz CENTO E TRINTA E SEIS | E9: m² | F9: 1232.0563
A10: ROÇADA MANUAL | B10: 46182 | C10: Cruzeiro do Sul CENTO E TRINTA E SEIS | E10: m² | F10: 208.78767
A11: ROÇADA MANUAL | B11: 46182 | C11: Cruzeiro do Sul CENTO E TRINTA E SEIS | E11: m² | F11: 621.05349
A12: ROÇADA MANUAL | B12: 46182 | C12: Cruzeiro do Sul CENTO E TRINTA E SEIS | E12: m² | F12: 893.83746
A13: ROÇADA MANUAL | B13: 46182 | C13: Cruzeiro do Sul CENTO E TRINTA E SEIS | E13: m² | F13: 1262.2733
... A22: ROÇADA MANUAL | B22: 46196 | C22: Cidade Vera Cruz CENTO E TRINTA E SEIS | E22: m² | F22: 1305.5097
A23: Entulho/Remoção | B23: 46290 | C23: Cidade Satelite São Luiz Rua Gilberto Freire 152 | D23: CAÇAMBA | E23: EQUIPE
A24: Entulho/Remoção | B24: 46290 | C24: Colina Azul Av. Flamingo 156-184 | D24: CAÇAMBA | E24: EQUIPE
A25: Entulho/Remoção | B25: 46290 | C25: Colina Azul Rua Cardeal 679 | D25: CAÇAMBA | E25: EQUIPE
A26: Entulho/Remoção | B26: 46290 | C26: Conj. Cruzeiro Do Sul Rua Dos Limoeiros 13 | D26: CAÇAMBA | E26: EQUIPE
A27: Entulho/Remoção | B27: 46290 | C27: Jardim Boa Esperança Rua C9 1750 | D27: CAÇAMBA | E27: EQUIPE
A28: Entulho/Remoção | B28: 46290 | C28: Jardim Dom Bosco Rua Domingos Povoa Borges 376 | D28: CAÇAMBA | E28: EQUIPE
A29: Entulho/Remoção | B29: 46290 | C29: Jardim Dom Bosco Rua Valter De Jesus 183 | D29: CAÇAMBA | E29: EQUIPE
A30: Entulho/Remoção | B30: 46290 | C30: Nova Brasilia Av. Graça Aranha Qd.26 Lt.03 | D30: CAÇAMBA | E30: EQUIPE
A31: LIMPEZA DE FEIRAS | B31: 46290 | C31: Avenida Adalberto Ferreira Setor Santo André | D31: CAMINHÃO PIPA | E31: EQUIPE
A32: LIMPEZA DE FEIRAS | B32: 46290 | C32: Avenida Anchieta Setor Pontal Sul | D32: CAMINHÃO PIPA | E32: EQUIPE
A33: LIMPEZA DE FEIRAS | B33: 46290 | C33: Avenida Boa Esperança Jardim Buriti Sereno | D33: CAMINHÃO PIPA | E33: EQUIPE
A34: LIMPEZA DE FEIRAS | B34: 46290 | C34: Avenida Rita Campos Serra Dourada 2 | D34: CAMINHÃO PIPA | E34: EQUIPE
... A40: LIMPEZA DE FEIRAS | B40: 46290 | C40: Rua do Cravo Jardim dos Buritis | D40: CAMINHÃO PIPA | E40: EQUIPE
A41: ROÇADA MANUAL | B41: 46290 | C41: Aeroporto Sul CENTO E TRINTA E SEIS | E41: m² | F41: 1207.2832
A42: ROÇADA MANUAL | B42: 46290 | C42: Bandeirantes CENTO E TRINTA E SEIS | E42: m² | F42: 208.0857
A43: ROÇADA MANUAL | B43: 46290 | C43: Bandeirantes CENTO E TRINTA E SEIS | E43: m² | F43: 300.02622
A44: ROÇADA MANUAL | B44: 46290 | C44: Bandeirantes CENTO E TRINTA E SEIS | E44: m² | F44: 624.51004
A45: ROÇADA MANUAL | B45: 46290 | C45: Bandeirantes CENTO E TRINTA E SEIS | E45: m² | F45: 928.70568
A46: ROÇADA MANUAL | B46: 46290 | C46: Bandeirantes CENTO E TRINTA E SEIS | E46: m² | F46: 928.70568
A47: ROÇADA MANUAL | B47: 46290 | C47: Bandeirantes CENTO E TRINTA E SEIS | E47: m² | F47: 928.7057
A48: ROÇADA MANUAL | B48: 46290 | C48: Bandeirantes CENTO E TRINTA E SEIS | E48: m² | F48: 1207.8454
A49: ROÇADA MANUAL | B49: 46290 | C49: Bandeirantes CENTO E TRINTA E SEIS | E49: m² | F49: 2330.2555
A50: ROÇADA MANUAL | B50: 46290 | C50: Bandeirantes CENTO E TRINTA E SEIS | E50: m² | F50: 2330.4089
A51: ROÇADA MANUAL | B51: 46290 | C51: Cardoso CENTO E TRINTA E SEIS | E51: m² | F51: 415.3809
A52: ROÇADA MANUAL | B52: 46290 | C52: Cardoso CENTO E TRINTA E SEIS | E52: m² | F52: 493.43773
... A114: ROÇADA MANUAL | B114: 46290 | C114: Trindade CENTO E TRINTA E SEIS | E114: m² | F114: 1090.68
A115: ROÇADA MECANIZADA | B115: 46290 | D115: TR04 | E115: m² | F115: 714.61139
A116: ROÇADA MECANIZADA | B116: 46290 | C116: Alzira CENTO E TRINTA E SEIS 15 10 | D116: TR13 | E116: m² | F116: 519.04441
A117: ROÇADA MECANIZADA | B117: 46290 | C117: Alzira CENTO E TRINTA E SEIS 15 11 | D117: TR13 | E117: m² | F117: 650.93737
A118: ROÇADA MECANIZADA | B118: 46290 | C118: Alzira CENTO E TRINTA E SEIS 15 9 | D118: TR13 | E118: m² | F118: 662.87076
A119: ROÇADA MECANIZADA | B119: 46290 | C119: Brasilia Continuacao CENTO E TRINTA E SEIS 57A 001E | D119: TR07 | E119: m² | F119: 12600.522
A120: ROÇADA MECANIZADA | B120: 46290 | C120: Brasilia Continuacao CENTO E TRINTA E SEIS 60A 10 | D120: TR28 | E120: m² | F120: 981.80227
A121: ROÇADA MECANIZADA | B121: 46290 | C121: Brasilia Continuacao CENTO E TRINTA E SEIS 60A 9 | D121: TR28 | E121: m² | F121: 698.88502
A122: ROÇADA MECANIZADA | B122: 46290 | C122: Brasilia Continuacao CENTO E TRINTA E SEIS 69A 3 | D122: TR28 | E122: m² | F122: 1067.3339
A123: ROÇADA MECANIZADA | B123: 46290 | C123: Brasilia Continuacao CENTO E TRINTA E SEIS 72A 005E | D123: TR28 | E123: m² | F123: 1926.3282
A124: ROÇADA MECANIZADA | B124: 46290 | C124: Brasilia Continuacao CENTO E TRINTA E SEIS 72A 17 | D124: TR28 | E124: m² | F124: 513.19199
A125: ROÇADA MECANIZADA | B125: 46290 | C125: Brasilia Continuacao CENTO E TRINTA E SEIS 72A 4 | D125: TR28 | E125: m² | F125: 449.97098
A126: ROÇADA MECANIZADA | B126: 46290 | C126: Brasilia Continuacao CENTO E TRINTA E SEIS APM 1 | D126: TR28 | E126: m² | F126: 1362.2076
A127: ROÇADA MECANIZADA | B127: 46290 | C127: Eldorado CENTO E TRINTA E SEIS 33 13 | D127: TR07 | E127: m² | F127: 391.0874
... A375: ROÇADA MECANIZADA | B375: 46290 | C375: Primavera CENTO E TRINTA E SEIS AREA 3 | D375: TR04 | E375: m² | F375: 9662.7379
A376: VARREÇÃO MECANIZADA | B376: 46290 | C376: SETOR 3 | D376: VARREDEIRA MECANIZADA | E376: KM | F376: 52.869 | G376: SEG, QUA, SEX
A377: VARREÇÃO MECANIZADA | B377: 46290 | C377: SETOR 5 | D377: VARREDEIRA MECANIZADA | E377: KM | F377: 52.811 | G377: SEG, QUA, SEX
A378: VARREÇÃO MECANIZADA | B378: 46290 | C378: SETOR 7 | D378: VARREDEIRA MECANIZADA | E378: KM | F378: 53.756 | G378: SEG, QUA, SEX
A379: VARRIÇÃO MANUAL | B379: 46290 | C379: 1 | D379: LUTOCAR | E379: KM | F379: 6.0519 | G379: 2 vezes na semana
A380: VARRIÇÃO MANUAL | B380: 46290 | C380: 10 | D380: LUTOCAR | E380: KM | F380: 6.06128 | G380: 2 vezes na semana
A381: VARRIÇÃO MANUAL | B381: 46290 | C381: 11 | D381: LUTOCAR | E381: KM | F381: 6.19618 | G381: 2 vezes na semana
A382: VARRIÇÃO MANUAL | B382: 46290 | C382: 12 | D382: LUTOCAR | E382: KM | F382: 6.00986 | G382: 2 vezes na semana
A383: VARRIÇÃO MANUAL | B383: 46290 | C383: 127 | D383: LUTOCAR | E383: KM | F383: 5.79384 | G383: 2 vezes na semana
A384: VARRIÇÃO MANUAL | B384: 46290 | C384: 128 | D384: LUTOCAR | E384: KM | F384: 5.80614 | G384: 2 vezes na semana
A385: VARRIÇÃO MANUAL | B385: 46290 | C385: 129 | D385: LUTOCAR | E385: KM | F385: 5.91556 | G385: 2 vezes na semana
A386: VARRIÇÃO MANUAL | B386: 46290 | C386: 13 | D386: LUTOCAR | E386: KM | F386: 6.3553 | G386: 2 vezes na semana
A387: VARRIÇÃO MANUAL | B387: 46290 | C387: 130 | D387: LUTOCAR | E387: KM | F387: 5.76176 | G387: 2 vezes na semana
... A460: VARRIÇÃO MANUAL | B460: 46290 | C460: 9 | D460: LUTOCAR | E460: KM | F460: 6.29898 | G460: 2 vezes na semana
A461: LIMPEZA DE FEIRAS | B461: 46291 | C461: Avenida Atlântica Jardim Riviera Sul | D461: CAMINHÃO PIPA | E461: EQUIPE
A462: LIMPEZA DE FEIRAS | B462: 46291 | C462: Avenida Cel. Eduardo A. Barros Loteamento Expansul | D462: CAMINHÃO PIPA | E462: EQUIPE
A463: LIMPEZA DE FEIRAS | B463: 46291 | C463: Rua Araruama Vila Alzira | D463: CAMINHÃO PIPA | E463: EQUIPE
A464: LIMPEZA DE FEIRAS | B464: 46291 | C464: Rua H34 Conjunto Estrela do Sul | D464: CAMINHÃO PIPA | E464: EQUIPE
A465: LIMPEZA DE FEIRAS | B465: 46291 | C465: Rua Panamá Setor Pontal Sul | D465: CAMINHÃO PIPA | E465: EQUIPE
A466: LIMPEZA DE FEIRAS | B466: 46291 | C466: Rua do Canavial Conjunto Cruzeiro do Sul | D466: CAMINHÃO PIPA | E466: EQUIPE
A467: VARREÇÃO MECANIZADA | B467: 46291 | C467: SETOR 10 | D467: VARREDEIRA MECANIZADA | E467: KM | F467: 49.761 | G467: TER, QUI , SÁB
A468: VARREÇÃO MECANIZADA | B468: 46291 | C468: SETOR 8 | D468: VARREDEIRA MECANIZADA | E468: KM | F468: 52.217 | G468: TER, QUI , SÁB
A469: VARRIÇÃO MANUAL | B469: 46291 | C469: 141 | D469: LUTOCAR | E469: KM | F469: 6.16628 | G469: 2 vezes na semana
A470: VARRIÇÃO MANUAL | B470: 46291 | C470: 142 | D470: LUTOCAR | E470: KM | F470: 5.99262 | G470: 2 vezes na semana
A471: VARRIÇÃO MANUAL | B471: 46291 | C471: 143 | D471: LUTOCAR | E471: KM | F471: 5.67832 | G471: 2 vezes na semana
A472: VARRIÇÃO MANUAL | B472: 46291 | C472: 170 | D472: LUTOCAR | E472: KM | F472: 5.87478 | G472: 2 vezes na semana
A473: VARRIÇÃO MANUAL | B473: 46291 | C473: 171 | D473: LUTOCAR | E473: KM | F473: 5.87068 | G473: 2 vezes na semana
A474: VARRIÇÃO MANUAL | B474: 46291 | C474: 172 | D474: LUTOCAR | E474: KM | F474: 5.88322 | G474: 2 vezes na semana
A475: VARRIÇÃO MANUAL | B475: 46291 | C475: 175 | D475: LUTOCAR | E475: KM | F475: 6.09238 | G475: 2 vezes na semana
A476: VARRIÇÃO MANUAL | B476: 46291 | C476: 176 | D476: LUTOCAR | E476: KM | F476: 5.83312 | G476: 2 vezes na semana
A477: VARRIÇÃO MANUAL | B477: 46291 | C477: 177 | D477: LUTOCAR | E477: KM | F477: 6.3931 | G477: 2 vezes na semana
A478: VARRIÇÃO MANUAL | B478: 46291 | C478: 181 | D478: LUTOCAR | E478: KM | F478: 6.24404 | G478: Diário
... A531: VARRIÇÃO MANUAL | B531: 46291 | C531: 379 | D531: LUTOCAR | E531: KM | F531: 5.74354 | G531: 1 vez na semana
A532: LIMPEZA DE FEIRAS | B532: 46292 | C532: Rua João Batista De Tôledo Centro | D532: CAMINHÃO PIPA | E532: EQUIPE
A533: Entulho/Remoção | B533: 46293 | C533: Cidade Satelite São Luiz Av. Zoroastro Artiaga 207 | D533: CAÇAMBA | E533: EQUIPE
A534: Entulho/Remoção | B534: 46293 | C534: Cidade Satelite São Luiz Rua Alfonsus Guimarães 1 | D534: CAÇAMBA | E534: EQUIPE
A535: Entulho/Remoção | B535: 46293 | C535: Cidade Satelite São Luiz Rua L-11 | D535: CAÇAMBA | E535: EQUIPE
A536: Entulho/Remoção | B536: 46293 | C536: Comendador Walmor Rua Anapolina 325 | D536: CAÇAMBA | E536: EQUIPE
A537: Entulho/Remoção | B537: 46293 | C537: Comendador Walmor Rua Jaraguá 5 | D537: CAÇAMBA | E537: EQUIPE
A538: Entulho/Remoção | B538: 46293 | C538: Conj. Bela Morada Rua Adelia 2 | D538: CAÇAMBA | E538: EQUIPE
A539: Entulho/Remoção | B539: 46293 | C539: Conj. Bela Morada Rua Milene 6 | D539: CAÇAMBA | E539: EQUIPE
A540: Entulho/Remoção | B540: 46293 | C540: Jardim Cristal Rua Guaporé 12000 | D540: CAÇAMBA | E540: EQUIPE
A541: Entulho/Remoção | B541: 46293 | C541: Jardim Dom Bosco Av. Dr. Epitacio Saraiva Da Cruz 1108 | D541: CAÇAMBA | E541: EQUIPE
A542: Entulho/Remoção | B542: 46293 | C542: Jardim Dom Bosco Av. Rosalia Povoa 3 | D542: CAÇAMBA | E542: EQUIPE
A543: Entulho/Remoção | B543: 46293 | C543: Jardim Dom Bosco Rua Domingos Povoa Borges 480 | D543: CAÇAMBA | E543: EQUIPE
... A551: LIMPEZA DE FEIRAS | B551: 46293 | C551: Rua Aroeira Loteamento Retiro Do Bosque | D551: CAMINHÃO PIPA | E551: EQUIPE
A552: ROÇADA MANUAL | B552: 46293 | C552: All Park Polo Empresarial CENTO E TRINTA E SEIS | E552: m² | F552: 1658.2781
...

Sheet MAPA VARRIÇÃO MECANIZADA
D2: OBJETO: | E2: Contratação de empresa especializada para a prestação de “Serviços de limpeza pública urbana do município de Aparecida de Goiânia, Estado de Goiás, compreendendo os serviços de coleta domiciliar e comercial, varrição mecanizada, varrição manual, e equipe de serviços diversos de remoção de entulhos e materiais inservíveis, capina e raspagem”
D3: CONTRATO: | E3: =#REF! -> #REF! | G3: CONCORRÊNCIA PÚBLICA TIPO: MENOR PREÇO N° 012/2023
D4: DATA: | E4: =#REF! -> #REF! | G4: CONTRATADA: CONSORCIO SQ APARECIDA SUSTENTÁVEL - CNPJ.: 56.309.119/0001-03
D5: PERÍODO: | E5: =#REF! -> #REF!
B7: ="ITEM - MAPA DE APONTAMENTO DOS SERVIÇOS DE VARRIÇÃO MECANIZADA DE VIAS - SARJETAS - "&#REF! -> #REF!
G9: =WEEKDAY(G10) -> 6 | H9: =WEEKDAY(H10) -> 7 | I9: =WEEKDAY(I10) -> 1 | J9: =WEEKDAY(J10) -> 2 | K9: =WEEKDAY(K10) -> 3 | L9: =WEEKDAY(L10) -> 4 | M9: =WEEKDAY(M10) -> 5 | N9: =WEEKDAY(N10) -> 6 | ... AK9: =WEEKDAY(AK10) -> 5
B10: LOCAL | C10: FREQUENCIA | D10: COMP SARJETA (KM) | E10: TOTAL KM POR MÊS | F10: NÚMERO DE EXECUÇÕES | G10: 25-set-26 | H10: 26-set-26 | I10: 27-set-26 | J10: 28-set-26 | K10: 29-set-26 | L10: 30-set-26 | M10: 1-out-26 | N10: 2-out-26 | O10: 3-out-26 | P10: 4-out-26 | Q10: 5-out-26 | R10: 6-out-26 | S10: 7-out-26 | T10: 8-out-26 | U10: 9-out-26 | V10: 10-out-26 | W10: 11-out-26 | X10: 12-out-26 | Y10: 13-out-26 | Z10: 14-out-26 | AA10: 15-out-26 | AB10: 16-out-26 | AC10: 17-out-26 | AD10: 18-out-26 | AE10: 19-out-26 | AF10: 20-out-26 | AG10: 21-out-26 | AH10: 22-out-26 | AI10: 23-out-26 | AJ10: 24-out-26 | AK10: 24-set-26
B11: SETOR 1 | C11: SEG, QUA, SEX | D11: =VLOOKUP(B11,'Vias p Setor'!B:F,2,FALSE) -> 41.062 | E11: =F11*D11 -> 0 | F11: =SUM(G11:AJ11) -> 0
B12: SETOR 2 | C12: SEG, QUA, SEX | D12: =VLOOKUP(B12,'Vias p Setor'!B:F,2,FALSE) -> 50.743 | E12: =F12*D12 -> 0 | F12: =SUM(G12:AJ12) -> 0
B13: SETOR 3 | C13: SEG, QUA, SEX | D13: =VLOOKUP(B13,'Vias p Setor'!B:F,2,FALSE) -> 52.869 | E13: =F13*D13 -> 634.428 | F13: =SUM(G13:AJ13) -> 12 | G13: =IF(OR(G$9=2,G$9=4,G$9=6),1,0) -> 1 | H13: =IF(OR(H$9=2,H$9=4,H$9=6),1,0) -> 0 | I13: =IF(OR(I$9=2,I$9=4,I$9=6),1,0) -> 0 | J13: =IF(OR(J$9=2,J$9=4,J$9=6),1,0) -> 1 | K13: =IF(OR(K$9=2,K$9=4,K$9=6),1,0) -> 0 | L13: =IF(OR(L$9=2,L$9=4,L$9=6),1,0) -> 1 | M13: =IF(OR(M$9=2,M$9=4,M$9=6),1,0) -> 0 | N13: =IF(OR(N$9=2,N$9=4,N$9=6),1,0) -> 1 | ... W13: =IF(OR(W$9=2,W$9=4,W$9=6),1,0) -> 0 | Y13: =IF(OR(Y$9=2,Y$9=4,Y$9=6),1,0) -> 0 | Z13: =IF(OR(Z$9=2,Z$9=4,Z$9=6),1,0) -> 1 | AA13: =IF(OR(AA$9=2,AA$9=4,AA$9=6),1,0) -> 0 | AB13: =IF(OR(AB$9=2,AB$9=4,AB$9=6),1,0) -> 1 | AC13: =IF(OR(AC$9=2,AC$9=4,AC$9=6),1,0) -> 0 | AD13: =IF(OR(AD$9=2,AD$9=4,AD$9=6),1,0) -> 0 | AE13: =IF(OR(AE$9=2,AE$9=4,AE$9=6),1,0) -> 1 | AF13: =IF(OR(AF$9=2,AF$9=4,AF$9=6),1,0) -> 0 | ... AI13: =IF(OR(AI$9=2,AI$9=4,AI$9=6),1,0) -> 1
B14: SETOR 4 | C14: SEG, QUA, SEX | D14: =VLOOKUP(B14,'Vias p Setor'!B:F,2,FALSE) -> 51.476 | E14: =F14*D14 -> 0 | F14: =SUM(G14:AJ14) -> 0
B15: SETOR 5 | C15: SEG, QUA, SEX | D15: =VLOOKUP(B15,'Vias p Setor'!B:F,2,FALSE) -> 52.811 | E15: =F15*D15 -> 633.732 | F15: =SUM(G15:AJ15) -> 12 | G15: =IF(OR(G$9=2,G$9=4,G$9=6),1,0) -> 1 | H15: =IF(OR(H$9=2,H$9=4,H$9=6),1,0) -> 0 | I15: =IF(OR(I$9=2,I$9=4,I$9=6),1,0) -> 0 | J15: =IF(OR(J$9=2,J$9=4,J$9=6),1,0) -> 1 | K15: =IF(OR(K$9=2,K$9=4,K$9=6),1,0) -> 0 | L15: =IF(OR(L$9=2,L$9=4,L$9=6),1,0) -> 1 | M15: =IF(OR(M$9=2,M$9=4,M$9=6),1,0) -> 0 | N15: =IF(OR(N$9=2,N$9=4,N$9=6),1,0) -> 1 | ... W15: =IF(OR(W$9=2,W$9=4,W$9=6),1,0) -> 0 | Y15: =IF(OR(Y$9=2,Y$9=4,Y$9=6),1,0) -> 0 | Z15: =IF(OR(Z$9=2,Z$9=4,Z$9=6),1,0) -> 1 | AA15: =IF(OR(AA$9=2,AA$9=4,AA$9=6),1,0) -> 0 | AB15: =IF(OR(AB$9=2,AB$9=4,AB$9=6),1,0) -> 1 | AC15: =IF(OR(AC$9=2,AC$9=4,AC$9=6),1,0) -> 0 | AD15: =IF(OR(AD$9=2,AD$9=4,AD$9=6),1,0) -> 0 | AE15: =IF(OR(AE$9=2,AE$9=4,AE$9=6),1,0) -> 1 | AF15: =IF(OR(AF$9=2,AF$9=4,AF$9=6),1,0) -> 0 | ... AI15: =IF(OR(AI$9=2,AI$9=4,AI$9=6),1,0) -> 1
B16: SETOR 6 | C16: SEG, QUA, SEX | D16: =VLOOKUP(B16,'Vias p Setor'!B:F,2,FALSE) -> 43.774 | E16: =F16*D16 -> 0 | F16: =SUM(G16:AJ16) -> 0
B17: SETOR 7 | C17: SEG, QUA, SEX | D17: =VLOOKUP(B17,'Vias p Setor'!B:F,2,FALSE) -> 53.756 | E17: =F17*D17 -> 645.072 | F17: =SUM(G17:AJ17) -> 12 | G17: =IF(OR(G$9=2,G$9=4,G$9=6),1,0) -> 1 | H17: =IF(OR(H$9=2,H$9=4,H$9=6),1,0) -> 0 | I17: =IF(OR(I$9=2,I$9=4,I$9=6),1,0) -> 0 | J17: =IF(OR(J$9=2,J$9=4,J$9=6),1,0) -> 1 | K17: =IF(OR(K$9=2,K$9=4,K$9=6),1,0) -> 0 | L17: =IF(OR(L$9=2,L$9=4,L$9=6),1,0) -> 1 | M17: =IF(OR(M$9=2,M$9=4,M$9=6),1,0) -> 0 | N17: =IF(OR(N$9=2,N$9=4,N$9=6),1,0) -> 1 | ... W17: =IF(OR(W$9=2,W$9=4,W$9=6),1,0) -> 0 | Y17: =IF(OR(Y$9=2,Y$9=4,Y$9=6),1,0) -> 0 | Z17: =IF(OR(Z$9=2,Z$9=4,Z$9=6),1,0) -> 1 | AA17: =IF(OR(AA$9=2,AA$9=4,AA$9=6),1,0) -> 0 | AB17: =IF(OR(AB$9=2,AB$9=4,AB$9=6),1,0) -> 1 | AC17: =IF(OR(AC$9=2,AC$9=4,AC$9=6),1,0) -> 0 | AD17: =IF(OR(AD$9=2,AD$9=4,AD$9=6),1,0) -> 0 | AE17: =IF(OR(AE$9=2,AE$9=4,AE$9=6),1,0) -> 1 | AF17: =IF(OR(AF$9=2,AF$9=4,AF$9=6),1,0) -> 0 | ... AI17: =IF(OR(AI$9=2,AI$9=4,AI$9=6),1,0) -> 1
B18: SETOR 8 | C18: TER, QUI , SÁB | D18: =VLOOKUP(B18,'Vias p Setor'!B:F,2,FALSE) -> 52.217 | E18: =F18*D18 -> 626.604 | F18: =SUM(G18:AJ18) -> 12 | G18: =IF(OR(G$9=3,G$9=5,G$9=7),1,0) -> 0 | H18: =IF(OR(H$9=3,H$9=5,H$9=7),1,0) -> 1 | I18: =IF(OR(I$9=3,I$9=5,I$9=7),1,0) -> 0 | J18: =IF(OR(J$9=3,J$9=5,J$9=7),1,0) -> 0 | K18: =IF(OR(K$9=3,K$9=5,K$9=7),1,0) -> 1 | L18: =IF(OR(L$9=3,L$9=5,L$9=7),1,0) -> 0 | M18: =IF(OR(M$9=3,M$9=5,M$9=7),1,0) -> 1 | N18: =IF(OR(N$9=3,N$9=5,N$9=7),1,0) -> 0 | ... W18: =IF(OR(W$9=3,W$9=5,W$9=7),1,0) -> 0 | Y18: =IF(OR(Y$9=3,Y$9=5,Y$9=7),1,0) -> 1 | Z18: =IF(OR(Z$9=3,Z$9=5,Z$9=7),1,0) -> 0 | AA18: =IF(OR(AA$9=3,AA$9=5,AA$9=7),1,0) -> 1 | AB18: =IF(OR(AB$9=3,AB$9=5,AB$9=7),1,0) -> 0 | AC18: =IF(OR(AC$9=3,AC$9=5,AC$9=7),1,0) -> 1 | AD18: =IF(OR(AD$9=3,AD$9=5,AD$9=7),1,0) -> 0 | AE18: =IF(OR(AE$9=3,AE$9=5,AE$9=7),1,0) -> 0 | AF18: =IF(OR(AF$9=3,AF$9=5,AF$9=7),1,0) -> 1 | ... AI18: =IF(OR(AI$9=3,AI$9=5,AI$9=7),1,0) -> 0
B19: SETOR 9 | C19: TER, QUI , SÁB | D19: =VLOOKUP(B19,'Vias p Setor'!B:F,2,FALSE) -> 43.513 | E19: =F19*D19 -> 0 | F19: =SUM(G19:AJ19) -> 0
B20: SETOR 10 | C20: TER, QUI , SÁB | D20: =VLOOKUP(B20,'Vias p Setor'!B:F,2,FALSE) -> 49.761 | E20: =F20*D20 -> 597.132 | F20: =SUM(G20:AJ20) -> 12 | G20: =IF(OR(G$9=3,G$9=5,G$9=7),1,0) -> 0 | H20: =IF(OR(H$9=3,H$9=5,H$9=7),1,0) -> 1 | I20: =IF(OR(I$9=3,I$9=5,I$9=7),1,0) -> 0 | J20: =IF(OR(J$9=3,J$9=5,J$9=7),1,0) -> 0 | K20: =IF(OR(K$9=3,K$9=5,K$9=7),1,0) -> 1 | L20: =IF(OR(L$9=3,L$9=5,L$9=7),1,0) -> 0 | M20: =IF(OR(M$9=3,M$9=5,M$9=7),1,0) -> 1 | N20: =IF(OR(N$9=3,N$9=5,N$9=7),1,0) -> 0 | ... W20: =IF(OR(W$9=3,W$9=5,W$9=7),1,0) -> 0 | Y20: =IF(OR(Y$9=3,Y$9=5,Y$9=7),1,0) -> 1 | Z20: =IF(OR(Z$9=3,Z$9=5,Z$9=7),1,0) -> 0 | AA20: =IF(OR(AA$9=3,AA$9=5,AA$9=7),1,0) -> 1 | AB20: =IF(OR(AB$9=3,AB$9=5,AB$9=7),1,0) -> 0 | AC20: =IF(OR(AC$9=3,AC$9=5,AC$9=7),1,0) -> 1 | AD20: =IF(OR(AD$9=3,AD$9=5,AD$9=7),1,0) -> 0 | AE20: =IF(OR(AE$9=3,AE$9=5,AE$9=7),1,0) -> 0 | AF20: =IF(OR(AF$9=3,AF$9=5,AF$9=7),1,0) -> 1 | ... AI20: =IF(OR(AI$9=3,AI$9=5,AI$9=7),1,0) -> 0
B21: SETOR 11 | C21: TER, QUI , SÁB | D21: =VLOOKUP(B21,'Vias p Setor'!B:F,2,FALSE) -> 47.038 | E21: =F21*D21 -> 0 | F21: =SUM(G21:AJ21) -> 0
B22: SETOR 12 | C22: TER, QUI , SÁB | D22: =VLOOKUP(B22,'Vias p Setor'!B:F,2,FALSE) -> 43.515 | E22: =F22*D22 -> 0 | F22: =SUM(G22:AJ22) -> 0
B23: SETOR 13 | C23: TER, QUI , SÁB | D23: =VLOOKUP(B23,'Vias p Setor'!B:F,2,FALSE) -> 48.881 | E23: =F23*D23 -> 0 | F23: =SUM(G23:AJ23) -> 0
B24: SETOR 14 | C24: TER, QUI , SÁB | D24: =VLOOKUP(B24,'Vias p Setor'!B:F,2,FALSE) -> 45.636 | E24: =F24*D24 -> 0 | F24: =SUM(G24:AJ24) -> 0
B27: TOTAL KM DE SARJETAS DA VIA: | D27: =ROUND(SUM(E11:E24),2) -> 3136.97
X29: Feriado

Sheet TabelaVarriçãoManual
A1: SERVIÇO | B1: DATA | C1: LOCAL | D1: TIPO DE EQUIPAMENTO | E1: UNIDADE | F1: QUANTIDADE | G1: OBSERVAÇÃO
A2: VARRIÇÃO MANUAL | B2: 1-set-26 | C2: 1 | D2: LUTOCAR | E2: KM | F2: 6.0519 | G2: 2 vezes na semana
A3: VARRIÇÃO MANUAL | B3: 1-set-26 | C3: 2 | D3: LUTOCAR | E3: KM | F3: 5.68152 | G3: 2 vezes na semana
A4: VARRIÇÃO MANUAL | B4: 1-set-26 | C4: 3 | D4: LUTOCAR | E4: KM | F4: 6.37664 | G4: 2 vezes na semana
A5: VARRIÇÃO MANUAL | B5: 1-set-26 | C5: 4 | D5: LUTOCAR | E5: KM | F5: 6.5455 | G5: 2 vezes na semana
A6: VARRIÇÃO MANUAL | B6: 1-set-26 | C6: 5 | D6: LUTOCAR | E6: KM | F6: 5.80924 | G6: 2 vezes na semana
A7: VARRIÇÃO MANUAL | B7: 1-set-26 | C7: 6 | D7: LUTOCAR | E7: KM | F7: 6.0586 | G7: 2 vezes na semana
A8: VARRIÇÃO MANUAL | B8: 1-set-26 | C8: 7 | D8: LUTOCAR | E8: KM | F8: 6.00108 | G8: 2 vezes na semana
A9: VARRIÇÃO MANUAL | B9: 1-set-26 | C9: 8 | D9: LUTOCAR | E9: KM | F9: 5.8184 | G9: 2 vezes na semana
A10: VARRIÇÃO MANUAL | B10: 1-set-26 | C10: 9 | D10: LUTOCAR | E10: KM | F10: 6.29898 | G10: 2 vezes na semana
A11: VARRIÇÃO MANUAL | B11: 1-set-26 | C11: 10 | D11: LUTOCAR | E11: KM | F11: 6.06128 | G11: 2 vezes na semana
A12: VARRIÇÃO MANUAL | B12: 1-set-26 | C12: 11 | D12: LUTOCAR | E12: KM | F12: 6.19618 | G12: 2 vezes na semana
A13: VARRIÇÃO MANUAL | B13: 1-set-26 | C13: 12 | D13: LUTOCAR | E13: KM | F13: 6.00986 | G13: 2 vezes na semana
... A1988: VARRIÇÃO MANUAL | B1988: 9-set-26 | C1988: 361 | D1988: LUTOCAR | E1988: KM | F1988: 5.81496 | G1988: 2 vezes na semana

Sheet Vias Var Man
D1: OBJETO: Contratação de empresa especializada para a prestação de “Serviços de limpeza pública urbana do município de Aparecida de Goiânia, Estado de Goiás, compreendendo os serviços de coleta domiciliar e comercial, varrição mecanizada, varrição manual, e equipe de serviços diversos de remoção de entulhos e materiais inservíveis, capina e raspagem”
D2: CONCORRÊNCIA PÚBLICA TIPO: MENOR PREÇO N° 012/2023
B7: SETORES X AVENIDAS E RUAS X FREQUÊNCIA
H8: 0
B9: ="MAPA DE APONTAMENTO DAS VIAS DA VARRIÇÃO MANUAL - "&#REF! -> #REF!
H10: 0
B11: Setor | C11: RUAS / AVENIDAS | D11: Frequencia | E11: Período | F11: Soma de Comprimento (Eixo -KM) | G11: Soma de Comprimento (Sarjeta -KM) | H11: 0
B12: 1 | C12: Avenida Aragoiânia | D12: 2 vezes na semana | E12: Diurno | F12: 0.57548 | G12: =F12*2 -> 1.15096 | H12: 6.0519
B13: 1 | C13: Rodovia GO-040 | D13: 2 vezes na semana | E13: Diurno | F13: 0.09193 | G13: =F13*2 -> 0.18386
B14: 1 | C14: Rua 1-C | D14: 2 vezes na semana | E14: Diurno | F14: 0.09313 | G14: =F14*2 -> 0.18626
B15: 1 | C15: Rua 28-C | D15: 2 vezes na semana | E15: Diurno | F15: 0.07331 | G15: =F15*2 -> 0.14662
B16: 1 | C16: Rua 2-C | D16: 2 vezes na semana | E16: Diurno | F16: 0.12603 | G16: =F16*2 -> 0.25206
B17: 1 | C17: Rua 3-C | D17: 2 vezes na semana | E17: Diurno | F17: 0.12964 | G17: =F17*2 -> 0.25928
B18: 1 | C18: Rua 5-C | D18: 2 vezes na semana | E18: Diurno | F18: 0.13792 | G18: =F18*2 -> 0.27584
B19: 1 | C19: Rua 5-E | D19: 2 vezes na semana | E19: Diurno | F19: 0.33965 | G19: =F19*2 -> 0.6793
B20: 1 | C20: Rua 6-C | D20: 2 vezes na semana | E20: Diurno | F20: 0.14001 | G20: =F20*2 -> 0.28002
B21: 1 | C21: Rua 7-C | D21: 2 vezes na semana | E21: Diurno | F21: 0.46286 | G21: =F21*2 -> 0.92572
B22: 1 | C22: Rua 8-C | D22: 2 vezes na semana | E22: Diurno | F22: 0.45669 | G22: =F22*2 -> 0.91338
B23: 1 | C23: Rua 9-C | D23: 2 vezes na semana | E23: Diurno | F23: 0.3993 | G23: =F23*2 -> 0.7986
B24: 2 | C24: Rua 10-C | D24: 2 vezes na semana | E24: Diurno | F24: 0.4441 | G24: =F24*2 -> 0.8882 | H24: 5.68152
B25: 2 | C25: Rua 11-C | D25: 2 vezes na semana | E25: Diurno | F25: 0.40025 | G25: =F25*2 -> 0.8005
B26: 2 | C26: Rua 12-C | D26: 2 vezes na semana | E26: Diurno | F26: 0.39979 | G26: =F26*2 -> 0.79958
B27: 2 | C27: Rua 13-C | D27: 2 vezes na semana | E27: Diurno | F27: 0.39618 | G27: =F27*2 -> 0.79236
B28: 2 | C28: Rua 14-C | D28: 2 vezes na semana | E28: Diurno | F28: 0.39426 | G28: =F28*2 -> 0.78852
B29: 2 | C29: Rua 29-C | D29: 2 vezes na semana | E29: Diurno | F29: 0.14288 | G29: =F29*2 -> 0.28576
B30: 2 | C30: Rua 2-E | D30: 2 vezes na semana | E30: Diurno | F30: 0.07453 | G30: =F30*2 -> 0.14906
B31: 2 | C31: Rua 30-C | D31: 2 vezes na semana | E31: Diurno | F31: 0.07035 | G31: =F31*2 -> 0.1407
B32: 2 | C32: Rua 31-C | D32: 2 vezes na semana | E32: Diurno | F32: 0.07113 | G32: =F32*2 -> 0.14226
B33: 2 | C33: Rua 5-E | D33: 2 vezes na semana | E33: Diurno | F33: 0.44729 | G33: =F33*2 -> 0.89458
B34: 3 | C34: Rua 16-C | D34: 2 vezes na semana | E34: Diurno | F34: 0.32873 | G34: =F34*2 -> 0.65746 | H34: 6.37664
B35: 3 | C35: Rua 17-C | D35: 2 vezes na semana | E35: Diurno | F35: 0.38766 | G35: =F35*2 -> 0.77532
B36: 3 | C36: Rua 18-C | D36: 2 vezes na semana | E36: Diurno | F36: 0.43536 | G36: =F36*2 -> 0.87072
B37: 3 | C37: Rua 19-C | D37: 2 vezes na semana | E37: Diurno | F37: 0.39176 | G37: =F37*2 -> 0.78352
B38: 3 | C38: Rua 20-C | D38: 2 vezes na semana | E38: Diurno | F38: 0.43465 | G38: =F38*2 -> 0.8693
B39: 3 | C39: Rua 21-C | D39: 2 vezes na semana | E39: Diurno | F39: 0.38575 | G39: =F39*2 -> 0.7715
B40: 3 | C40: Rua 32-C | D40: 2 vezes na semana | E40: Diurno | F40: 0.06754 | G40: =F40*2 -> 0.13508
B41: 3 | C41: Rua 33-C | D41: 2 vezes na semana | E41: Diurno | F41: 0.13861 | G41: =F41*2 -> 0.27722
B42: 3 | C42: Rua 34-C | D42: 2 vezes na semana | E42: Diurno | F42: 0.06983 | G42: =F42*2 -> 0.13966
B43: 3 | C43: Rua 5-E | D43: 2 vezes na semana | E43: Diurno | F43: 0.54843 | G43: =F43*2 -> 1.09686
B44: 4 | C44: Rua 18-D | D44: 2 vezes na semana | E44: Diurno | F44: 0.58457 | G44: =F44*2 -> 1.16914 | H44: 6.5455
B45: 4 | C45: Rua 19-D | D45: 2 vezes na semana | E45: Diurno | F45: 0.54752 | G45: =F45*2 -> 1.09504
B46: 4 | C46: Rua 22-C | D46: 2 vezes na semana | E46: Diurno | F46: 0.38979 | G46: =F46*2 -> 0.77958
B47: 4 | C47: Rua 23-C | D47: 2 vezes na semana | E47: Diurno | F47: 0.38875 | G47: =F47*2 -> 0.7775
B48: 4 | C48: Rua 24-C | D48: 2 vezes na semana | E48: Diurno | F48: 0.41635 | G48: =F48*2 -> 0.8327
B49: 4 | C49: Rua 25-C | D49: 2 vezes na semana | E49: Diurno | F49: 0.39056 | G49: =F49*2 -> 0.78112
B50: 4 | C50: Rua 26-C | D50: 2 vezes na semana | E50: Diurno | F50: 0.28223 | G50: =F50*2 -> 0.56446
B51: 4 | C51: Rua 27-C | D51: 2 vezes na semana | E51: Diurno | F51: 0.20518 | G51: =F51*2 -> 0.41036
B52: 4 | C52: Rua 34-C | D52: 2 vezes na semana | E52: Diurno | F52: 0.0678 | G52: =F52*2 -> 0.1356
B53: 5 | C53: Rua 14-E | D53: 2 vezes na semana | E53: Diurno | F53: 0.29279 | G53: =F53*2 -> 0.58558 | H53: 5.80924
B54: 5 | C54: Rua 1-D | D54: 2 vezes na semana | E54: Diurno | F54: 0.14555 | G54: =F54*2 -> 0.2911
B55: 5 | C55: Rua 2-D | D55: 2 vezes na semana | E55: Diurno | F55: 0.14447 | G55: =F55*2 -> 0.28894
B56: 5 | C56: Rua 3-D | D56: 2 vezes na semana | E56: Diurno | F56: 0.35743 | G56: =F56*2 -> 0.71486
B57: 5 | C57: Rua 4-D | D57: 2 vezes na semana | E57: Diurno | F57: 0.13882 | G57: =F57*2 -> 0.27764
B58: 5 | C58: Rua 5-D | D58: 2 vezes na semana | E58: Diurno | F58: 0.13624 | G58: =F58*2 -> 0.27248
B59: 5 | C59: Rua 6-E | D59: 2 vezes na semana | E59: Diurno | F59: 0.65106 | G59: =F59*2 -> 1.30212
B60: 5 | C60: Rua 7-E | D60: 2 vezes na semana | E60: Diurno | F60: 0.67575 | G60: =F60*2 -> 1.3515
B61: 5 | C61: Rua 9-E | D61: 2 vezes na semana | E61: Diurno | F61: 0.36251 | G61: =F61*2 -> 0.72502
B62: 6 | C62: Avenida Liberdade | D62: 2 vezes na semana | E62: Diurno | F62: 0.12864 | G62: =F62*2 -> 0.25728 | H62: 6.0586
B63: 6 | C63: Avenida República | D63: 2 vezes na semana | E63: Diurno | F63: 0.07323 | G63: =F63*2 -> 0.14646
B64: 6 | C64: Rua 11 | D64: 2 vezes na semana | E64: Diurno | F64: 0.15921 | G64: =F64*2 -> 0.31842
B65: 6 | C65: Rua 13 | D65: 2 vezes na semana | E65: Diurno | F65: 0.12471 | G65: =F65*2 -> 0.24942
B66: 6 | C66: Rua 13-D | D66: 2 vezes na semana | E66: Diurno | F66: 0.23591 | G66: =F66*2 -> 0.47182
B67: 6 | C67: Rua 14-D | D67: 2 vezes na semana | E67: Diurno | F67: 0.25304 | G67: =F67*2 -> 0.50608
B68: 6 | C68: Rua 15-D | D68: 2 vezes na semana | E68: Diurno | F68: 0.49835 | G68: =F68*2 -> 0.9967
B69: 6 | C69: Rua 16-D | D69: 2 vezes na semana | E69: Diurno | F69: 0.08129 | G69: =F69*2 -> 0.16258
B70: 6 | C70: Rua 17-D | D70: 2 vezes na semana | E70: Diurno | F70: 0.36017 | G70: =F70*2 -> 0.72034
B71: 6 | C71: Rua 19-D | D71: 2 vezes na semana | E71: Diurno | F71: 0.78506 | G71: =F71*2 -> 1.57012
B72: 6 | C72: Rua 7 | D72: 2 vezes na semana | E72: Diurno | F72: 0.18257 | G72: =F72*2 -> 0.36514
B73: 6 | C73: Rua 9 | D73: 2 vezes na semana | E73: Diurno | F73: 0.14712 | G73: =F73*2 -> 0.29424
B74: 7 | C74: Avenida Duque de Caxias | D74: 2 vezes na semana | E74: Diurno | F74: 0.50702 | G74: =F74*2 -> 1.01404 | H74: 6.00108
B75: 7 | C75: Avenida República | D75: 2 vezes na semana | E75: Diurno | F75: 0.42872 | G75: =F75*2 -> 0.85744
B76: 7 | C76: Rua 10-D | D76: 2 vezes na semana | E76: Diurno | F76: 0.24443 | G76: =F76*2 -> 0.48886
B77: 7 | C77: Rua 11-D | D77: 2 vezes na semana | E77: Diurno | F77: 0.25936 | G77: =F77*2 -> 0.51872
B78: 7 | C78: Rua 18-D | D78: 2 vezes na semana | E78: Diurno | F78: 0.65411 | G78: =F78*2 -> 1.30822
B79: 7 | C79: Rua 7-D | D79: 2 vezes na semana | E79: Diurno | F79: 0.32479 | G79: =F79*2 -> 0.64958
B80: 7 | C80: Rua 8-D | D80: 2 vezes na semana | E80: Diurno | F80: 0.3542 | G80: =F80*2 -> 0.7084
B81: 7 | C81: Rua 9-D | D81: 2 vezes na semana | E81: Diurno | F81: 0.22791 | G81: =F81*2 -> 0.45582
B82: 8 | C82: Avenida Brasil | D82: 2 vezes na semana | E82: Diurno | F82: 0.76092 | G82: =F82*2 -> 1.52184 | H82: 5.8184
B83: 8 | C83: Rua 41-E | D83: 2 vezes na semana | E83: Diurno | F83: 0.63134 | G83: =F83*2 -> 1.26268
B84: 8 | C84: Rua 42-E | D84: 2 vezes na semana | E84: Diurno | F84: 0.58454 | G84: =F84*2 -> 1.16908
B85: 8 | C85: Rua 43-E | D85: 2 vezes na semana | E85: Diurno | F85: 0.54129 | G85: =F85*2 -> 1.08258
B86: 8 | C86: Rua 44-E | D86: 2 vezes na semana | E86: Diurno | F86: 0.22851 | G86: =F86*2 -> 0.45702
B87: 8 | C87: Rua 6-D | D87: 2 vezes na semana | E87: Diurno | F87: 0.1626 | G87: =F87*2 -> 0.3252
B88: 9 | C88: Rua 12-E | D88: 2 vezes na semana | E88: Diurno | F88: 0.79526 | G88: =F88*2 -> 1.59052 | H88: 6.29898
B89: 9 | C89: Rua 13-E | D89: 2 vezes na semana | E89: Diurno | F89: 0.78864 | G89: =F89*2 -> 1.57728
B90: 9 | C90: Rua 14-E | D90: 2 vezes na semana | E90: Diurno | F90: 1.07672 | G90: =F90*2 -> 2.15344
B91: 9 | C91: Rua 15-E | D91: 2 vezes na semana | E91: Diurno | F91: 0.30479 | G91: =F91*2 -> 0.60958
B92: 9 | C92: Rua 2-E | D92: 2 vezes na semana | E92: Diurno | F92: 0.18408 | G92: =F92*2 -> 0.36816
B93: 10 | C93: Rua 10-E | D93: 2 vezes na semana | E93: Diurno | F93: 0.75585 | G93: =F93*2 -> 1.5117 | H93: 6.06128
B94: 10 | C94: Rua 11-E | D94: 2 vezes na semana | E94: Diurno | F94: 0.77721 | G94: =F94*2 -> 1.55442
B95: 10 | C95: Rua 2-E | D95: 2 vezes na semana | E95: Diurno | F95: 0.45373 | G95: =F95*2 -> 0.90746
B96: 10 | C96: Rua 9-E | D96: 2 vezes na semana | E96: Diurno | F96: 1.04385 | G96: =F96*2 -> 2.0877
B97: 11 | C97: Rodovia GO-040 | D97: 2 vezes na semana | E97: Diurno | F97: 1.47229 | G97: =F97*2 -> 2.94458 | H97: 6.19618
B98: 11 | C98: Rua 1-E | D98: 2 vezes na semana | E98: Diurno | F98: 0.22386 | G98: =F98*2 -> 0.44772
B99: 11 | C99: Rua 6-E | D99: 2 vezes na semana | E99: Diurno | F99: 0.70374 | G99: =F99*2 -> 1.40748
B100: 11 | C100: Rua 7-E | D100: 2 vezes na semana | E100: Diurno | F100: 0.6982 | G100: =F100*2 -> 1.3964
B101: 12 | C101: Rua 17-E | D101: 2 vezes na semana | E101: Diurno | F101: 0.26515 | G101: =F101*2 -> 0.5303 | H101: 6.00986
B102: 12 | C102: Rua 19-E | D102: 2 vezes na semana | E102: Diurno | F102: 0.67824 | G102: =F102*2 -> 1.35648
B103: 12 | C103: Rua 1-E | D103: 2 vezes na semana | E103: Diurno | F103: 1.01508 | G103: =F103*2 -> 2.03016
B104: 12 | C104: Rua 20-E | D104: 2 vezes na semana | E104: Diurno | F104: 0.43285 | G104: =F104*2 -> 0.8657
...

Sheet MAPA VARRIÇÃO MANUAL
F2: OBJETO: | G2: CONTRATAÇÃO DE EMPRESA ESPECIALIZADA EM SERVIÇOS DE LIMPEZA URBANA – SLU E COLETA CONVENCIONAL E MECANIZADA, TRANSPORTE E DESTINAÇÃO FINAL DE RESÍDUOS DOMICILIARES PORTA A PORTA, NO MUNICÍPIO DE APARECIDA DE GOIÂNIA - GO. | AM2: CONTRATAÇÃO DE EMPRESA ESPECIALIZADA EM SERVIÇOS DE LIMPEZA URBANA – SLU E COLETA CONVENCIONAL E MECANIZADA, TRANSPORTE E DESTINAÇÃO FINAL DE RESÍDUOS DOMICILIARES PORTA A PORTA, NO MUNICÍPIO DE APARECIDA DE GOIÂNIA - GO.
F3: CONCORRÊNCIA PÚBLICA TIPO: MENOR PREÇO N° 012/2023
F4: CONTRATO: | I4: =#REF! -> #REF! | L4: CONTRATADA: CONSÓRCIO SQ APARECIDA SUSTENTÁVEL - CNPJ.: 56.309.119/0001-03
F5: DATA: | I5: =#REF! -> #REF! | L5: PERÍODO: | N5: =#REF! -> #REF!
B6: ="ITEM - MAPA DE APONTAMENTO DOS SERVIÇOS DE VARRIÇÃO MANUAL DE VIAS - SARJETAS - "&#REF! -> #REF!
G8: =WEEKDAY(G9) -> 6 | H8: =WEEKDAY(H9) -> 7 | I8: =WEEKDAY(I9) -> 1 | J8: =WEEKDAY(J9) -> 2 | K8: =WEEKDAY(K9) -> 3 | L8: =WEEKDAY(L9) -> 4 | M8: =WEEKDAY(M9) -> 5 | N8: =WEEKDAY(N9) -> 6 | ... AK8: =WEEKDAY(AK9) -> 5
B9: SETOR | C9: FREQUÊNCIA | D9: COMP SARJETA (KM) | E9: TOTAL KM POR MÊS | F9: NÚMERO DE EXECUÇÕES | G9: 25-set-26 | H9: 26-set-26 | I9: 27-set-26 | J9: 28-set-26 | K9: 29-set-26 | L9: 30-set-26 | M9: 1-out-26 | N9: 2-out-26 | O9: 3-out-26 | P9: 4-out-26 | Q9: 5-out-26 | R9: 6-out-26 | S9: 7-out-26 | T9: 8-out-26 | U9: 9-out-26 | V9: 10-out-26 | W9: 11-out-26 | X9: 12-out-26 | Y9: 13-out-26 | Z9: 14-out-26 | AA9: 15-out-26 | AB9: 16-out-26 | AC9: 17-out-26 | AD9: 18-out-26 | AE9: 19-out-26 | AF9: 20-out-26 | AG9: 21-out-26 | AH9: 22-out-26 | AI9: 23-out-26 | AJ9: 24-out-26 | AK9: 24-set-26 | AO9: 46259 | AP9: =AO9+1 -> 46260 | AQ9: =AP9+1 -> 46261 | AR9: =AQ9+1 -> 46262 | AS9: =AR9+1 -> 46263 | AT9: =AS9+1 -> 46264 | AU9: =AT9+1 -> 46265 | AV9: =AU9+1 -> 46266 | AW9: =AV9+1 -> 46267 | ... BS9: =BR9+1 -> 46289
B10: 1 | C10: =INDEX('Vias Var Man'!$D$12:$D$3949,MATCH('MAPA VARRIÇÃO MANUAL'!B10,'Vias Var Man'!$B$12:$B$3949)) -> 2 vezes na semana | D10: =VLOOKUP(B10,'Vias Var Man'!$B$12:$H$3949,7,FALSE) -> 6.0519 | E10: =F10*D10 -> 54.4671 | F10: =SUM(G10:AK10) -> 9 | G10: =IF(OR(WEEKDAY(G$9,1)=3,WEEKDAY(G$9,1)=6),1,0) -> 1 | H10: =IF(OR(WEEKDAY(H$9,1)=3,WEEKDAY(H$9,1)=6),1,0) -> 0 | I10: =IF(OR(WEEKDAY(I$9,1)=3,WEEKDAY(I$9,1)=6),1,0) -> 0 | J10: =IF(OR(WEEKDAY(J$9,1)=3,WEEKDAY(J$9,1)=6),1,0) -> 0 | K10: =IF(OR(WEEKDAY(K$9,1)=3,WEEKDAY(K$9,1)=6),1,0) -> 1 | L10: =IF(OR(WEEKDAY(L$9,1)=3,WEEKDAY(L$9,1)=6),1,0) -> 0 | M10: =IF(OR(WEEKDAY(M$9,1)=3,WEEKDAY(M$9,1)=6),1,0) -> 0 | N10: =IF(OR(WEEKDAY(N$9,1)=3,WEEKDAY(N$9,1)=6),1,0) -> 1 | ... AI10: =IF(OR(WEEKDAY(AI$9,1)=3,WEEKDAY(AI$9,1)=6),1,0) -> 1
B11: 2 | C11: =INDEX('Vias Var Man'!$D$12:$D$3949,MATCH('MAPA VARRIÇÃO MANUAL'!B11,'Vias Var Man'!$B$12:$B$3949)) -> 2 vezes na semana | D11: =VLOOKUP(B11,'Vias Var Man'!$B$12:$H$3949,7,FALSE) -> 5.68152 | E11: =F11*D11 -> 51.13368 | F11: =SUM(G11:AK11) -> 9 | G11: =IF(OR(WEEKDAY(G$9,1)=3,WEEKDAY(G$9,1)=6),1,0) -> 1 | H11: =IF(OR(WEEKDAY(H$9,1)=3,WEEKDAY(H$9,1)=6),1,0) -> 0 | I11: =IF(OR(WEEKDAY(I$9,1)=3,WEEKDAY(I$9,1)=6),1,0) -> 0 | J11: =IF(OR(WEEKDAY(J$9,1)=3,WEEKDAY(J$9,1)=6),1,0) -> 0 | K11: =IF(OR(WEEKDAY(K$9,1)=3,WEEKDAY(K$9,1)=6),1,0) -> 1 | L11: =IF(OR(WEEKDAY(L$9,1)=3,WEEKDAY(L$9,1)=6),1,0) -> 0 | M11: =IF(OR(WEEKDAY(M$9,1)=3,WEEKDAY(M$9,1)=6),1,0) -> 0 | N11: =IF(OR(WEEKDAY(N$9,1)=3,WEEKDAY(N$9,1)=6),1,0) -> 1 | ... AI11: =IF(OR(WEEKDAY(AI$9,1)=3,WEEKDAY(AI$9,1)=6),1,0) -> 1 | AL11: =IF(OR(AL$8=2,AL$8=4,AL$8=6),1,0) -> 0
B12: 3 | C12: =INDEX('Vias Var Man'!$D$12:$D$3949,MATCH('MAPA VARRIÇÃO MANUAL'!B12,'Vias Var Man'!$B$12:$B$3949)) -> 2 vezes na semana | D12: =VLOOKUP(B12,'Vias Var Man'!$B$12:$H$3949,7,FALSE) -> 6.37664 | E12: =F12*D12 -> 57.38976 | F12: =SUM(G12:AK12) -> 9 | G12: =IF(OR(WEEKDAY(G$9,1)=3,WEEKDAY(G$9,1)=6),1,0) -> 1 | H12: =IF(OR(WEEKDAY(H$9,1)=3,WEEKDAY(H$9,1)=6),1,0) -> 0 | I12: =IF(OR(WEEKDAY(I$9,1)=3,WEEKDAY(I$9,1)=6),1,0) -> 0 | J12: =IF(OR(WEEKDAY(J$9,1)=3,WEEKDAY(J$9,1)=6),1,0) -> 0 | K12: =IF(OR(WEEKDAY(K$9,1)=3,WEEKDAY(K$9,1)=6),1,0) -> 1 | L12: =IF(OR(WEEKDAY(L$9,1)=3,WEEKDAY(L$9,1)=6),1,0) -> 0 | M12: =IF(OR(WEEKDAY(M$9,1)=3,WEEKDAY(M$9,1)=6),1,0) -> 0 | N12: =IF(OR(WEEKDAY(N$9,1)=3,WEEKDAY(N$9,1)=6),1,0) -> 1 | ... AI12: =IF(OR(WEEKDAY(AI$9,1)=3,WEEKDAY(AI$9,1)=6),1,0) -> 1
B13: 4 | C13: =INDEX('Vias Var Man'!$D$12:$D$3949,MATCH('MAPA VARRIÇÃO MANUAL'!B13,'Vias Var Man'!$B$12:$B$3949)) -> 2 vezes na semana | D13: =VLOOKUP(B13,'Vias Var Man'!$B$12:$H$3949,7,FALSE) -> 6.5455 | E13: =F13*D13 -> 58.9095 | F13: =SUM(G13:AK13) -> 9 | G13: =IF(OR(WEEKDAY(G$9,1)=3,WEEKDAY(G$9,1)=6),1,0) -> 1 | H13: =IF(OR(WEEKDAY(H$9,1)=3,WEEKDAY(H$9,1)=6),1,0) -> 0 | I13: =IF(OR(WEEKDAY(I$9,1)=3,WEEKDAY(I$9,1)=6),1,0) -> 0 | J13: =IF(OR(WEEKDAY(J$9,1)=3,WEEKDAY(J$9,1)=6),1,0) -> 0 | K13: =IF(OR(WEEKDAY(K$9,1)=3,WEEKDAY(K$9,1)=6),1,0) -> 1 | L13: =IF(OR(WEEKDAY(L$9,1)=3,WEEKDAY(L$9,1)=6),1,0) -> 0 | M13: =IF(OR(WEEKDAY(M$9,1)=3,WEEKDAY(M$9,1)=6),1,0) -> 0 | N13: =IF(OR(WEEKDAY(N$9,1)=3,WEEKDAY(N$9,1)=6),1,0) -> 1 | ... AI13: =IF(OR(WEEKDAY(AI$9,1)=3,WEEKDAY(AI$9,1)=6),1,0) -> 1 | AL13: =IF(OR(AL$8=2,AL$8=4,AL$8=6),1,0) -> 0
B14: 5 | C14: =INDEX('Vias Var Man'!$D$12:$D$3949,MATCH('MAPA VARRIÇÃO MANUAL'!B14,'Vias Var Man'!$B$12:$B$3949)) -> 2 vezes na semana | D14: =VLOOKUP(B14,'Vias Var Man'!$B$12:$H$3949,7,FALSE) -> 5.80924 | E14: =F14*D14 -> 52.28316 | F14: =SUM(G14:AK14) -> 9 | G14: =IF(OR(WEEKDAY(G$9,1)=3,WEEKDAY(G$9,1)=6),1,0) -> 1 | H14: =IF(OR(WEEKDAY(H$9,1)=3,WEEKDAY(H$9,1)=6),1,0) -> 0 | I14: =IF(OR(WEEKDAY(I$9,1)=3,WEEKDAY(I$9,1)=6),1,0) -> 0 | J14: =IF(OR(WEEKDAY(J$9,1)=3,WEEKDAY(J$9,1)=6),1,0) -> 0 | K14: =IF(OR(WEEKDAY(K$9,1)=3,WEEKDAY(K$9,1)=6),1,0) -> 1 | L14: =IF(OR(WEEKDAY(L$9,1)=3,WEEKDAY(L$9,1)=6),1,0) -> 0 | M14: =IF(OR(WEEKDAY(M$9,1)=3,WEEKDAY(M$9,1)=6),1,0) -> 0 | N14: =IF(OR(WEEKDAY(N$9,1)=3,WEEKDAY(N$9,1)=6),1,0) -> 1 | ... AI14: =IF(OR(WEEKDAY(AI$9,1)=3,WEEKDAY(AI$9,1)=6),1,0) -> 1
B15: 6 | C15: =INDEX('Vias Var Man'!$D$12:$D$3949,MATCH('MAPA VARRIÇÃO MANUAL'!B15,'Vias Var Man'!$B$12:$B$3949)) -> 2 vezes na semana | D15: =VLOOKUP(B15,'Vias Var Man'!$B$12:$H$3949,7,FALSE) -> 6.0586 | E15: =F15*D15 -> 54.5274 | F15: =SUM(G15:AK15) -> 9 | G15: =IF(OR(WEEKDAY(G$9,1)=3,WEEKDAY(G$9,1)=6),1,0) -> 1 | H15: =IF(OR(WEEKDAY(H$9,1)=3,WEEKDAY(H$9,1)=6),1,0) -> 0 | I15: =IF(OR(WEEKDAY(I$9,1)=3,WEEKDAY(I$9,1)=6),1,0) -> 0 | J15: =IF(OR(WEEKDAY(J$9,1)=3,WEEKDAY(J$9,1)=6),1,0) -> 0 | K15: =IF(OR(WEEKDAY(K$9,1)=3,WEEKDAY(K$9,1)=6),1,0) -> 1 | L15: =IF(OR(WEEKDAY(L$9,1)=3,WEEKDAY(L$9,1)=6),1,0) -> 0 | M15: =IF(OR(WEEKDAY(M$9,1)=3,WEEKDAY(M$9,1)=6),1,0) -> 0 | N15: =IF(OR(WEEKDAY(N$9,1)=3,WEEKDAY(N$9,1)=6),1,0) -> 1 | ... AI15: =IF(OR(WEEKDAY(AI$9,1)=3,WEEKDAY(AI$9,1)=6),1,0) -> 1 | AL15: =IF(OR(AL$8=2,AL$8=4,AL$8=6),1,0) -> 0
B16: 7 | C16: =INDEX('Vias Var Man'!$D$12:$D$3949,MATCH('MAPA VARRIÇÃO MANUAL'!B16,'Vias Var Man'!$B$12:$B$3949)) -> 2 vezes na semana | D16: =VLOOKUP(B16,'Vias Var Man'!$B$12:$H$3949,7,FALSE) -> 6.00108 | E16: =F16*D16 -> 54.00972 | F16: =SUM(G16:AK16) -> 9 | G16: =IF(OR(WEEKDAY(G$9,1)=3,WEEKDAY(G$9,1)=6),1,0) -> 1 | H16: =IF(OR(WEEKDAY(H$9,1)=3,WEEKDAY(H$9,1)=6),1,0) -> 0 | I16: =IF(OR(WEEKDAY(I$9,1)=3,WEEKDAY(I$9,1)=6),1,0) -> 0 | J16: =IF(OR(WEEKDAY(J$9,1)=3,WEEKDAY(J$9,1)=6),1,0) -> 0 | K16: =IF(OR(WEEKDAY(K$9,1)=3,WEEKDAY(K$9,1)=6),1,0) -> 1 | L16: =IF(OR(WEEKDAY(L$9,1)=3,WEEKDAY(L$9,1)=6),1,0) -> 0 | M16: =IF(OR(WEEKDAY(M$9,1)=3,WEEKDAY(M$9,1)=6),1,0) -> 0 | N16: =IF(OR(WEEKDAY(N$9,1)=3,WEEKDAY(N$9,1)=6),1,0) -> 1 | ... AI16: =IF(OR(WEEKDAY(AI$9,1)=3,WEEKDAY(AI$9,1)=6),1,0) -> 1
B17: 8 | C17: =INDEX('Vias Var Man'!$D$12:$D$3949,MATCH('MAPA VARRIÇÃO MANUAL'!B17,'Vias Var Man'!$B$12:$B$3949)) -> 2 vezes na semana | D17: =VLOOKUP(B17,'Vias Var Man'!$B$12:$H$3949,7,FALSE) -> 5.8184 | E17: =F17*D17 -> 52.3656 | F17: =SUM(G17:AK17) -> 9 | G17: =IF(OR(WEEKDAY(G$9,1)=3,WEEKDAY(G$9,1)=6),1,0) -> 1 | H17: =IF(OR(WEEKDAY(H$9,1)=3,WEEKDAY(H$9,1)=6),1,0) -> 0 | I17: =IF(OR(WEEKDAY(I$9,1)=3,WEEKDAY(I$9,1)=6),1,0) -> 0 | J17: =IF(OR(WEEKDAY(J$9,1)=3,WEEKDAY(J$9,1)=6),1,0) -> 0 | K17: =IF(OR(WEEKDAY(K$9,1)=3,WEEKDAY(K$9,1)=6),1,0) -> 1 | L17: =IF(OR(WEEKDAY(L$9,1)=3,WEEKDAY(L$9,1)=6),1,0) -> 0 | M17: =IF(OR(WEEKDAY(M$9,1)=3,WEEKDAY(M$9,1)=6),1,0) -> 0 | N17: =IF(OR(WEEKDAY(N$9,1)=3,WEEKDAY(N$9,1)=6),1,0) -> 1 | ... AI17: =IF(OR(WEEKDAY(AI$9,1)=3,WEEKDAY(AI$9,1)=6),1,0) -> 1 | AL17: =IF(OR(AL$8=2,AL$8=4,AL$8=6),1,0) -> 0
B18: 9 | C18: =INDEX('Vias Var Man'!$D$12:$D$3949,MATCH('MAPA VARRIÇÃO MANUAL'!B18,'Vias Var Man'!$B$12:$B$3949)) -> 2 vezes na semana | D18: =VLOOKUP(B18,'Vias Var Man'!$B$12:$H$3949,7,FALSE) -> 6.29898 | E18: =F18*D18 -> 56.69082 | F18: =SUM(G18:AK18) -> 9 | G18: =IF(OR(WEEKDAY(G$9,1)=3,WEEKDAY(G$9,1)=6),1,0) -> 1 | H18: =IF(OR(WEEKDAY(H$9,1)=3,WEEKDAY(H$9,1)=6),1,0) -> 0 | I18: =IF(OR(WEEKDAY(I$9,1)=3,WEEKDAY(I$9,1)=6),1,0) -> 0 | J18: =IF(OR(WEEKDAY(J$9,1)=3,WEEKDAY(J$9,1)=6),1,0) -> 0 | K18: =IF(OR(WEEKDAY(K$9,1)=3,WEEKDAY(K$9,1)=6),1,0) -> 1 | L18: =IF(OR(WEEKDAY(L$9,1)=3,WEEKDAY(L$9,1)=6),1,0) -> 0 | M18: =IF(OR(WEEKDAY(M$9,1)=3,WEEKDAY(M$9,1)=6),1,0) -> 0 | N18: =IF(OR(WEEKDAY(N$9,1)=3,WEEKDAY(N$9,1)=6),1,0) -> 1 | ... AI18: =IF(OR(WEEKDAY(AI$9,1)=3,WEEKDAY(AI$9,1)=6),1,0) -> 1
B19: 10 | C19: =INDEX('Vias Var Man'!$D$12:$D$3949,MATCH('MAPA VARRIÇÃO MANUAL'!B19,'Vias Var Man'!$B$12:$B$3949)) -> 2 vezes na semana | D19: =VLOOKUP(B19,'Vias Var Man'!$B$12:$H$3949,7,FALSE) -> 6.06128 | E19: =F19*D19 -> 54.55152 | F19: =SUM(G19:AK19) -> 9 | G19: =IF(OR(WEEKDAY(G$9,1)=3,WEEKDAY(G$9,1)=6),1,0) -> 1 | H19: =IF(OR(WEEKDAY(H$9,1)=3,WEEKDAY(H$9,1)=6),1,0) -> 0 | I19: =IF(OR(WEEKDAY(I$9,1)=3,WEEKDAY(I$9,1)=6),1,0) -> 0 | J19: =IF(OR(WEEKDAY(J$9,1)=3,WEEKDAY(J$9,1)=6),1,0) -> 0 | K19: =IF(OR(WEEKDAY(K$9,1)=3,WEEKDAY(K$9,1)=6),1,0) -> 1 | L19: =IF(OR(WEEKDAY(L$9,1)=3,WEEKDAY(L$9,1)=6),1,0) -> 0 | M19: =IF(OR(WEEKDAY(M$9,1)=3,WEEKDAY(M$9,1)=6),1,0) -> 0 | N19: =IF(OR(WEEKDAY(N$9,1)=3,WEEKDAY(N$9,1)=6),1,0) -> 1 | ... AI19: =IF(OR(WEEKDAY(AI$9,1)=3,WEEKDAY(AI$9,1)=6),1,0) -> 1 | AL19: =IF(OR(AL$8=2,AL$8=4,AL$8=6),1,0) -> 0
B20: 11 | C20: =INDEX('Vias Var Man'!$D$12:$D$3949,MATCH('MAPA VARRIÇÃO MANUAL'!B20,'Vias Var Man'!$B$12:$B$3949)) -> 2 vezes na semana | D20: =VLOOKUP(B20,'Vias Var Man'!$B$12:$H$3949,7,FALSE) -> 6.19618 | E20: =F20*D20 -> 55.76562 | F20: =SUM(G20:AK20) -> 9 | G20: =IF(OR(WEEKDAY(G$9,1)=3,WEEKDAY(G$9,1)=6),1,0) -> 1 | H20: =IF(OR(WEEKDAY(H$9,1)=3,WEEKDAY(H$9,1)=6),1,0) -> 0 | I20: =IF(OR(WEEKDAY(I$9,1)=3,WEEKDAY(I$9,1)=6),1,0) -> 0 | J20: =IF(OR(WEEKDAY(J$9,1)=3,WEEKDAY(J$9,1)=6),1,0) -> 0 | K20: =IF(OR(WEEKDAY(K$9,1)=3,WEEKDAY(K$9,1)=6),1,0) -> 1 | L20: =IF(OR(WEEKDAY(L$9,1)=3,WEEKDAY(L$9,1)=6),1,0) -> 0 | M20: =IF(OR(WEEKDAY(M$9,1)=3,WEEKDAY(M$9,1)=6),1,0) -> 0 | N20: =IF(OR(WEEKDAY(N$9,1)=3,WEEKDAY(N$9,1)=6),1,0) -> 1 | ... AI20: =IF(OR(WEEKDAY(AI$9,1)=3,WEEKDAY(AI$9,1)=6),1,0) -> 1
B21: 12 | C21: =INDEX('Vias Var Man'!$D$12:$D$3949,MATCH('MAPA VARRIÇÃO MANUAL'!B21,'Vias Var Man'!$B$12:$B$3949)) -> 2 vezes na semana | D21: =VLOOKUP(B21,'Vias Var Man'!$B$12:$H$3949,7,FALSE) -> 6.00986 | E21: =F21*D21 -> 54.08874 | F21: =SUM(G21:AK21) -> 9 | G21: =IF(OR(WEEKDAY(G$9,1)=3,WEEKDAY(G$9,1)=6),1,0) -> 1 | H21: =IF(OR(WEEKDAY(H$9,1)=3,WEEKDAY(H$9,1)=6),1,0) -> 0 | I21: =IF(OR(WEEKDAY(I$9,1)=3,WEEKDAY(I$9,1)=6),1,0) -> 0 | J21: =IF(OR(WEEKDAY(J$9,1)=3,WEEKDAY(J$9,1)=6),1,0) -> 0 | K21: =IF(OR(WEEKDAY(K$9,1)=3,WEEKDAY(K$9,1)=6),1,0) -> 1 | L21: =IF(OR(WEEKDAY(L$9,1)=3,WEEKDAY(L$9,1)=6),1,0) -> 0 | M21: =IF(OR(WEEKDAY(M$9,1)=3,WEEKDAY(M$9,1)=6),1,0) -> 0 | N21: =IF(OR(WEEKDAY(N$9,1)=3,WEEKDAY(N$9,1)=6),1,0) -> 1 | ... AI21: =IF(OR(WEEKDAY(AI$9,1)=3,WEEKDAY(AI$9,1)=6),1,0) -> 1 | AL21: =IF(OR(AL$8=2,AL$8=4,AL$8=6),1,0) -> 0
B22: 13 | C22: =INDEX('Vias Var Man'!$D$12:$D$3949,MATCH('MAPA VARRIÇÃO MANUAL'!B22,'Vias Var Man'!$B$12:$B$3949)) -> 2 vezes na semana | D22: =VLOOKUP(B22,'Vias Var Man'!$B$12:$H$3949,7,FALSE) -> 6.3553 | E22: =F22*D22 -> 57.1977 | F22: =SUM(G22:AK22) -> 9 | G22: =IF(OR(WEEKDAY(G$9,1)=3,WEEKDAY(G$9,1)=6),1,0) -> 1 | H22: =IF(OR(WEEKDAY(H$9,1)=3,WEEKDAY(H$9,1)=6),1,0) -> 0 | I22: =IF(OR(WEEKDAY(I$9,1)=3,WEEKDAY(I$9,1)=6),1,0) -> 0 | J22: =IF(OR(WEEKDAY(J$9,1)=3,WEEKDAY(J$9,1)=6),1,0) -> 0 | K22: =IF(OR(WEEKDAY(K$9,1)=3,WEEKDAY(K$9,1)=6),1,0) -> 1 | L22: =IF(OR(WEEKDAY(L$9,1)=3,WEEKDAY(L$9,1)=6),1,0) -> 0 | M22: =IF(OR(WEEKDAY(M$9,1)=3,WEEKDAY(M$9,1)=6),1,0) -> 0 | N22: =IF(OR(WEEKDAY(N$9,1)=3,WEEKDAY(N$9,1)=6),1,0) -> 1 | ... AI22: =IF(OR(WEEKDAY(AI$9,1)=3,WEEKDAY(AI$9,1)=6),1,0) -> 1
B23: 14 | C23: =INDEX('Vias Var Man'!$D$12:$D$3949,MATCH('MAPA VARRIÇÃO MANUAL'!B23,'Vias Var Man'!$B$12:$B$3949)) -> 2 vezes na semana | D23: =VLOOKUP(B23,'Vias Var Man'!$B$12:$H$3949,7,FALSE) -> 6.22764 | E23: =F23*D23 -> 56.04876 | F23: =SUM(G23:AK23) -> 9 | G23: =IF(OR(WEEKDAY(G$9,1)=3,WEEKDAY(G$9,1)=6),1,0) -> 1 | H23: =IF(OR(WEEKDAY(H$9,1)=3,WEEKDAY(H$9,1)=6),1,0) -> 0 | I23: =IF(OR(WEEKDAY(I$9,1)=3,WEEKDAY(I$9,1)=6),1,0) -> 0 | J23: =IF(OR(WEEKDAY(J$9,1)=3,WEEKDAY(J$9,1)=6),1,0) -> 0 | K23: =IF(OR(WEEKDAY(K$9,1)=3,WEEKDAY(K$9,1)=6),1,0) -> 1 | L23: =IF(OR(WEEKDAY(L$9,1)=3,WEEKDAY(L$9,1)=6),1,0) -> 0 | M23: =IF(OR(WEEKDAY(M$9,1)=3,WEEKDAY(M$9,1)=6),1,0) -> 0 | N23: =IF(OR(WEEKDAY(N$9,1)=3,WEEKDAY(N$9,1)=6),1,0) -> 1 | ... AI23: =IF(OR(WEEKDAY(AI$9,1)=3,WEEKDAY(AI$9,1)=6),1,0) -> 1 | AL23: =IF(OR(AL$8=2,AL$8=4,AL$8=6),1,0) -> 0
B24: 15 | C24: =INDEX('Vias Var Man'!$D$12:$D$3949,MATCH('MAPA VARRIÇÃO MANUAL'!B24,'Vias Var Man'!$B$12:$B$3949)) -> 2 vezes na semana | D24: =VLOOKUP(B24,'Vias Var Man'!$B$12:$H$3949,7,FALSE) -> 6.52312 | E24: =F24*D24 -> 58.70808 | F24: =SUM(G24:AK24) -> 9 | G24: =IF(OR(WEEKDAY(G$9,1)=3,WEEKDAY(G$9,1)=6),1,0) -> 1 | H24: =IF(OR(WEEKDAY(H$9,1)=3,WEEKDAY(H$9,1)=6),1,0) -> 0 | I24: =IF(OR(WEEKDAY(I$9,1)=3,WEEKDAY(I$9,1)=6),1,0) -> 0 | J24: =IF(OR(WEEKDAY(J$9,1)=3,WEEKDAY(J$9,1)=6),1,0) -> 0 | K24: =IF(OR(WEEKDAY(K$9,1)=3,WEEKDAY(K$9,1)=6),1,0) -> 1 | L24: =IF(OR(WEEKDAY(L$9,1)=3,WEEKDAY(L$9,1)=6),1,0) -> 0 | M24: =IF(OR(WEEKDAY(M$9,1)=3,WEEKDAY(M$9,1)=6),1,0) -> 0 | N24: =IF(OR(WEEKDAY(N$9,1)=3,WEEKDAY(N$9,1)=6),1,0) -> 1 | ... AI24: =IF(OR(WEEKDAY(AI$9,1)=3,WEEKDAY(AI$9,1)=6),1,0) -> 1
B25: 16 | C25: =INDEX('Vias Var Man'!$D$12:$D$3949,MATCH('MAPA VARRIÇÃO MANUAL'!B25,'Vias Var Man'!$B$12:$B$3949)) -> 2 vezes na semana | D25: =VLOOKUP(B25,'Vias Var Man'!$B$12:$H$3949,7,FALSE) -> 6.524 | E25: =F25*D25 -> 58.716 | F25: =SUM(G25:AK25) -> 9 | G25: =IF(OR(WEEKDAY(G$9,1)=3,WEEKDAY(G$9,1)=6),1,0) -> 1 | H25: =IF(OR(WEEKDAY(H$9,1)=3,WEEKDAY(H$9,1)=6),1,0) -> 0 | I25: =IF(OR(WEEKDAY(I$9,1)=3,WEEKDAY(I$9,1)=6),1,0) -> 0 | J25: =IF(OR(WEEKDAY(J$9,1)=3,WEEKDAY(J$9,1)=6),1,0) -> 0 | K25: =IF(OR(WEEKDAY(K$9,1)=3,WEEKDAY(K$9,1)=6),1,0) -> 1 | L25: =IF(OR(WEEKDAY(L$9,1)=3,WEEKDAY(L$9,1)=6),1,0) -> 0 | M25: =IF(OR(WEEKDAY(M$9,1)=3,WEEKDAY(M$9,1)=6),1,0) -> 0 | N25: =IF(OR(WEEKDAY(N$9,1)=3,WEEKDAY(N$9,1)=6),1,0) -> 1 | ... AI25: =IF(OR(WEEKDAY(AI$9,1)=3,WEEKDAY(AI$9,1)=6),1,0) -> 1 | AL25: =IF(OR(AL$8=2,AL$8=4,AL$8=6),1,0) -> 0
B26: 17 | C26: =INDEX('Vias Var Man'!$D$12:$D$3949,MATCH('MAPA VARRIÇÃO MANUAL'!B26,'Vias Var Man'!$B$12:$B$3949)) -> 2 vezes na semana | D26: =VLOOKUP(B26,'Vias Var Man'!$B$12:$H$3949,7,FALSE) -> 6.00252 | E26: =F26*D26 -> 54.02268 | F26: =SUM(G26:AK26) -> 9 | G26: =IF(OR(WEEKDAY(G$9,1)=3,WEEKDAY(G$9,1)=6),1,0) -> 1 | H26: =IF(OR(WEEKDAY(H$9,1)=3,WEEKDAY(H$9,1)=6),1,0) -> 0 | I26: =IF(OR(WEEKDAY(I$9,1)=3,WEEKDAY(I$9,1)=6),1,0) -> 0 | J26: =IF(OR(WEEKDAY(J$9,1)=3,WEEKDAY(J$9,1)=6),1,0) -> 0 | K26: =IF(OR(WEEKDAY(K$9,1)=3,WEEKDAY(K$9,1)=6),1,0) -> 1 | L26: =IF(OR(WEEKDAY(L$9,1)=3,WEEKDAY(L$9,1)=6),1,0) -> 0 | M26: =IF(OR(WEEKDAY(M$9,1)=3,WEEKDAY(M$9,1)=6),1,0) -> 0 | N26: =IF(OR(WEEKDAY(N$9,1)=3,WEEKDAY(N$9,1)=6),1,0) -> 1 | ... AI26: =IF(OR(WEEKDAY(AI$9,1)=3,WEEKDAY(AI$9,1)=6),1,0) -> 1
B27: 18 | C27: =INDEX('Vias Var Man'!$D$12:$D$3949,MATCH('MAPA VARRIÇÃO MANUAL'!B27,'Vias Var Man'!$B$12:$B$3949)) -> 2 vezes na semana | D27: =VLOOKUP(B27,'Vias Var Man'!$B$12:$H$3949,7,FALSE) -> 6.0191 | E27: =F27*D27 -> 54.1719 | F27: =SUM(G27:AK27) -> 9 | G27: =IF(OR(WEEKDAY(G$9,1)=3,WEEKDAY(G$9,1)=6),1,0) -> 1 | H27: =IF(OR(WEEKDAY(H$9,1)=3,WEEKDAY(H$9,1)=6),1,0) -> 0 | I27: =IF(OR(WEEKDAY(I$9,1)=3,WEEKDAY(I$9,1)=6),1,0) -> 0 | J27: =IF(OR(WEEKDAY(J$9,1)=3,WEEKDAY(J$9,1)=6),1,0) -> 0 | K27: =IF(OR(WEEKDAY(K$9,1)=3,WEEKDAY(K$9,1)=6),1,0) -> 1 | L27: =IF(OR(WEEKDAY(L$9,1)=3,WEEKDAY(L$9,1)=6),1,0) -> 0 | M27: =IF(OR(WEEKDAY(M$9,1)=3,WEEKDAY(M$9,1)=6),1,0) -> 0 | N27: =IF(OR(WEEKDAY(N$9,1)=3,WEEKDAY(N$9,1)=6),1,0) -> 1 | ... AI27: =IF(OR(WEEKDAY(AI$9,1)=3,WEEKDAY(AI$9,1)=6),1,0) -> 1 | AL27: =IF(OR(AL$8=2,AL$8=4,AL$8=6),1,0) -> 0
B28: 19 | C28: =INDEX('Vias Var Man'!$D$12:$D$3949,MATCH('MAPA VARRIÇÃO MANUAL'!B28,'Vias Var Man'!$B$12:$B$3949)) -> 2 vezes na semana | D28: =VLOOKUP(B28,'Vias Var Man'!$B$12:$H$3949,7,FALSE) -> 6.3929 | E28: =F28*D28 -> 57.5361 | F28: =SUM(G28:AK28) -> 9 | G28: =IF(OR(WEEKDAY(G$9,1)=3,WEEKDAY(G$9,1)=6),1,0) -> 1 | H28: =IF(OR(WEEKDAY(H$9,1)=3,WEEKDAY(H$9,1)=6),1,0) -> 0 | I28: =IF(OR(WEEKDAY(I$9,1)=3,WEEKDAY(I$9,1)=6),1,0) -> 0 | J28: =IF(OR(WEEKDAY(J$9,1)=3,WEEKDAY(J$9,1)=6),1,0) -> 0 | K28: =IF(OR(WEEKDAY(K$9,1)=3,WEEKDAY(K$9,1)=6),1,0) -> 1 | L28: =IF(OR(WEEKDAY(L$9,1)=3,WEEKDAY(L$9,1)=6),1,0) -> 0 | M28: =IF(OR(WEEKDAY(M$9,1)=3,WEEKDAY(M$9,1)=6),1,0) -> 0 | N28: =IF(OR(WEEKDAY(N$9,1)=3,WEEKDAY(N$9,1)=6),1,0) -> 1 | ... AI28: =IF(OR(WEEKDAY(AI$9,1)=3,WEEKDAY(AI$9,1)=6),1,0) -> 1
B29: 20 | C29: =INDEX('Vias Var Man'!$D$12:$D$3949,MATCH('MAPA VARRIÇÃO MANUAL'!B29,'Vias Var Man'!$B$12:$B$3949)) -> 2 vezes na semana | D29: =VLOOKUP(B29,'Vias Var Man'!$B$12:$H$3949,7,FALSE) -> 6.36122 | E29: =F29*D29 -> 57.25098 | F29: =SUM(G29:AK29) -> 9 | G29: =IF(OR(WEEKDAY(G$9,1)=3,WEEKDAY(G$9,1)=6),1,0) -> 1 | H29: =IF(OR(WEEKDAY(H$9,1)=3,WEEKDAY(H$9,1)=6),1,0) -> 0 | I29: =IF(OR(WEEKDAY(I$9,1)=3,WEEKDAY(I$9,1)=6),1,0) -> 0 | J29: =IF(OR(WEEKDAY(J$9,1)=3,WEEKDAY(J$9,1)=6),1,0) -> 0 | K29: =IF(OR(WEEKDAY(K$9,1)=3,WEEKDAY(K$9,1)=6),1,0) -> 1 | L29: =IF(OR(WEEKDAY(L$9,1)=3,WEEKDAY(L$9,1)=6),1,0) -> 0 | M29: =IF(OR(WEEKDAY(M$9,1)=3,WEEKDAY(M$9,1)=6),1,0) -> 0 | N29: =IF(OR(WEEKDAY(N$9,1)=3,WEEKDAY(N$9,1)=6),1,0) -> 1 | ... AI29: =IF(OR(WEEKDAY(AI$9,1)=3,WEEKDAY(AI$9,1)=6),1,0) -> 1 | AL29: =IF(OR(AL$8=2,AL$8=4,AL$8=6),1,0) -> 0
B30: 21 | C30: =INDEX('Vias Var Man'!$D$12:$D$3949,MATCH('MAPA VARRIÇÃO MANUAL'!B30,'Vias Var Man'!$B$12:$B$3949)) -> 1 vez cada 15 dias | D30: =VLOOKUP(B30,'Vias Var Man'!$B$12:$H$3949,7,FALSE) -> 6.08632 | E30: =F30*D30 -> 0 | F30: =SUM(G30:AK30) -> 0 | AM30: =WEEKNUM(G9) -> 39
B31: 22 | C31: =INDEX('Vias Var Man'!$D$12:$D$3949,MATCH('MAPA VARRIÇÃO MANUAL'!B31,'Vias Var Man'!$B$12:$B$3949)) -> 1 vez cada 15 dias | D31: =VLOOKUP(B31,'Vias Var Man'!$B$12:$H$3949,7,FALSE) -> 5.87822 | E31: =F31*D31 -> 0 | F31: =SUM(G31:AK31) -> 0 | AL31: =IF(OR(AL$8=2,AL$8=4,AL$8=6),1,0) -> 0 | AM31: =WEEKNUM(S10) -> 0
B32: 23 | C32: =INDEX('Vias Var Man'!$D$12:$D$3949,MATCH('MAPA VARRIÇÃO MANUAL'!B32,'Vias Var Man'!$B$12:$B$3949)) -> 1 vez cada 15 dias | D32: =VLOOKUP(B32,'Vias Var Man'!$B$12:$H$3949,7,FALSE) -> 6.06118 | E32: =F32*D32 -> 0 | F32: =SUM(G32:AK32) -> 0
B33: 24 | C33: =INDEX('Vias Var Man'!$D$12:$D$3949,MATCH('MAPA VARRIÇÃO MANUAL'!B33,'Vias Var Man'!$B$12:$B$3949)) -> 1 vez cada 15 dias | D33: =VLOOKUP(B33,'Vias Var Man'!$B$12:$H$3949,7,FALSE) -> 6.21326 | E33: =F33*D33 -> 0 | F33: =SUM(G33:AK33) -> 0 | AL33: =IF(OR(AL$8=2,AL$8=4,AL$8=6),1,0) -> 0
B34: 25 | C34: =INDEX('Vias Var Man'!$D$12:$D$3949,MATCH('MAPA VARRIÇÃO MANUAL'!B34,'Vias Var Man'!$B$12:$B$3949)) -> 1 vez cada 15 dias | D34: =VLOOKUP(B34,'Vias Var Man'!$B$12:$H$3949,7,FALSE) -> 6.05748 | E34: =F34*D34 -> 0 | F34: =SUM(G34:AK34) -> 0
B35: 26 | C35: =INDEX('Vias Var Man'!$D$12:$D$3949,MATCH('MAPA VARRIÇÃO MANUAL'!B35,'Vias Var Man'!$B$12:$B$3949)) -> 1 vez cada 15 dias | D35: =VLOOKUP(B35,'Vias Var Man'!$B$12:$H$3949,7,FALSE) -> 5.9929 | E35: =F35*D35 -> 0 | F35: =SUM(G35:AK35) -> 0 | AL35: =IF(OR(AL$8=2,AL$8=4,AL$8=6),1,0) -> 0
B36: 27 | C36: =INDEX('Vias Var Man'!$D$12:$D$3949,MATCH('MAPA VARRIÇÃO MANUAL'!B36,'Vias Var Man'!$B$12:$B$3949)) -> 1 vez cada 15 dias | D36: =VLOOKUP(B36,'Vias Var Man'!$B$12:$H$3949,7,FALSE) -> 6.0505 | E36: =F36*D36 -> 0 | F36: =SUM(G36:AK36) -> 0
B37: 28 | C37: =INDEX('Vias Var Man'!$D$12:$D$3949,MATCH('MAPA VARRIÇÃO MANUAL'!B37,'Vias Var Man'!$B$12:$B$3949)) -> 1 vez cada 15 dias | D37: =VLOOKUP(B37,'Vias Var Man'!$B$12:$H$3949,7,FALSE) -> 5.83544 | E37: =F37*D37 -> 0 | F37: =SUM(G37:AK37) -> 0 | AL37: =IF(OR(AL$8=2,AL$8=4,AL$8=6),1,0) -> 0
B38: 29 | C38: =INDEX('Vias Var Man'!$D$12:$D$3949,MATCH('MAPA VARRIÇÃO MANUAL'!B38,'Vias Var Man'!$B$12:$B$3949)) -> 1 vez na semana | D38: =VLOOKUP(B38,'Vias Var Man'!$B$12:$H$3949,7,FALSE) -> 6.00716 | E38: =F38*D38 -> 24.02864 | F38: =SUM(G38:AK38) -> 4 | G38: =IF(WEEKDAY(G$9,1)=2,1,0) -> 0 | H38: =IF(WEEKDAY(H$9,1)=2,1,0) -> 0 | I38: =IF(WEEKDAY(I$9,1)=2,1,0) -> 0 | J38: =IF(WEEKDAY(J$9,1)=2,1,0) -> 1 | K38: =IF(WEEKDAY(K$9,1)=2,1,0) -> 0 | L38: =IF(WEEKDAY(L$9,1)=2,1,0) -> 0 | M38: =IF(WEEKDAY(M$9,1)=2,1,0) -> 0 | N38: =IF(WEEKDAY(N$9,1)=2,1,0) -> 0 | ... AI38: =IF(WEEKDAY(AI$9,1)=2,1,0) -> 0
B39: 30 | C39: =INDEX('Vias Var Man'!$D$12:$D$3949,MATCH('MAPA VARRIÇÃO MANUAL'!B39,'Vias Var Man'!$B$12:$B$3949)) -> 1 vez na semana | D39: =VLOOKUP(B39,'Vias Var Man'!$B$12:$H$3949,7,FALSE) -> 6.32934 | E39: =F39*D39 -> 25.31736 | F39: =SUM(G39:AK39) -> 4 | G39: =IF(WEEKDAY(G$9,1)=2,1,0) -> 0 | H39: =IF(WEEKDAY(H$9,1)=2,1,0) -> 0 | I39: =IF(WEEKDAY(I$9,1)=2,1,0) -> 0 | J39: =IF(WEEKDAY(J$9,1)=2,1,0) -> 1 | K39: =IF(WEEKDAY(K$9,1)=2,1,0) -> 0 | L39: =IF(WEEKDAY(L$9,1)=2,1,0) -> 0 | M39: =IF(WEEKDAY(M$9,1)=2,1,0) -> 0 | N39: =IF(WEEKDAY(N$9,1)=2,1,0) -> 0 | ... AI39: =IF(WEEKDAY(AI$9,1)=2,1,0) -> 0 | AL39: =IF(OR(AL$8=2,AL$8=4,AL$8=6),1,0) -> 0
B40: 31 | C40: =INDEX('Vias Var Man'!$D$12:$D$3949,MATCH('MAPA VARRIÇÃO MANUAL'!B40,'Vias Var Man'!$B$12:$B$3949)) -> 1 vez na semana | D40: =VLOOKUP(B40,'Vias Var Man'!$B$12:$H$3949,7,FALSE) -> 6.45094 | E40: =F40*D40 -> 25.80376 | F40: =SUM(G40:AK40) -> 4 | G40: =IF(WEEKDAY(G$9,1)=2,1,0) -> 0 | H40: =IF(WEEKDAY(H$9,1)=2,1,0) -> 0 | I40: =IF(WEEKDAY(I$9,1)=2,1,0) -> 0 | J40: =IF(WEEKDAY(J$9,1)=2,1,0) -> 1 | K40: =IF(WEEKDAY(K$9,1)=2,1,0) -> 0 | L40: =IF(WEEKDAY(L$9,1)=2,1,0) -> 0 | M40: =IF(WEEKDAY(M$9,1)=2,1,0) -> 0 | N40: =IF(WEEKDAY(N$9,1)=2,1,0) -> 0 | ... AI40: =IF(WEEKDAY(AI$9,1)=2,1,0) -> 0
B41: 32 | C41: =INDEX('Vias Var Man'!$D$12:$D$3949,MATCH('MAPA VARRIÇÃO MANUAL'!B41,'Vias Var Man'!$B$12:$B$3949)) -> 1 vez na semana | D41: =VLOOKUP(B41,'Vias Var Man'!$B$12:$H$3949,7,FALSE) -> 6.3094 | E41: =F41*D41 -> 25.2376 | F41: =SUM(G41:AK41) -> 4 | G41: =IF(WEEKDAY(G$9,1)=2,1,0) -> 0 | H41: =IF(WEEKDAY(H$9,1)=2,1,0) -> 0 | I41: =IF(WEEKDAY(I$9,1)=2,1,0) -> 0 | J41: =IF(WEEKDAY(J$9,1)=2,1,0) -> 1 | K41: =IF(WEEKDAY(K$9,1)=2,1,0) -> 0 | L41: =IF(WEEKDAY(L$9,1)=2,1,0) -> 0 | M41: =IF(WEEKDAY(M$9,1)=2,1,0) -> 0 | N41: =IF(WEEKDAY(N$9,1)=2,1,0) -> 0 | ... AI41: =IF(WEEKDAY(AI$9,1)=2,1,0) -> 0 | AL41: =IF(OR(AL$8=2,AL$8=4,AL$8=6),1,0) -> 0
B42: 33 | C42: =INDEX('Vias Var Man'!$D$12:$D$3949,MATCH('MAPA VARRIÇÃO MANUAL'!B42,'Vias Var Man'!$B$12:$B$3949)) -> 1 vez na semana | D42: =VLOOKUP(B42,'Vias Var Man'!$B$12:$H$3949,7,FALSE) -> 6.25424 | E42: =F42*D42 -> 25.01696 | F42: =SUM(G42:AK42) -> 4 | G42: =IF(WEEKDAY(G$9,1)=2,1,0) -> 0 | H42: =IF(WEEKDAY(H$9,1)=2,1,0) -> 0 | I42: =IF(WEEKDAY(I$9,1)=2,1,0) -> 0 | J42: =IF(WEEKDAY(J$9,1)=2,1,0) -> 1 | K42: =IF(WEEKDAY(K$9,1)=2,1,0) -> 0 | L42: =IF(WEEKDAY(L$9,1)=2,1,0) -> 0 | M42: =IF(WEEKDAY(M$9,1)=2,1,0) -> 0 | N42: =IF(WEEKDAY(N$9,1)=2,1,0) -> 0 | ... AI42: =IF(WEEKDAY(AI$9,1)=2,1,0) -> 0
B43: 34 | C43: =INDEX('Vias Var Man'!$D$12:$D$3949,MATCH('MAPA VARRIÇÃO MANUAL'!B43,'Vias Var Man'!$B$12:$B$3949)) -> 1 vez na semana | D43: =VLOOKUP(B43,'Vias Var Man'!$B$12:$H$3949,7,FALSE) -> 6.04988 | E43: =F43*D43 -> 24.19952 | F43: =SUM(G43:AK43) -> 4 | G43: =IF(WEEKDAY(G$9,1)=2,1,0) -> 0 | H43: =IF(WEEKDAY(H$9,1)=2,1,0) -> 0 | I43: =IF(WEEKDAY(I$9,1)=2,1,0) -> 0 | J43: =IF(WEEKDAY(J$9,1)=2,1,0) -> 1 | K43: =IF(WEEKDAY(K$9,1)=2,1,0) -> 0 | L43: =IF(WEEKDAY(L$9,1)=2,1,0) -> 0 | M43: =IF(WEEKDAY(M$9,1)=2,1,0) -> 0 | N43: =IF(WEEKDAY(N$9,1)=2,1,0) -> 0 | ... AI43: =IF(WEEKDAY(AI$9,1)=2,1,0) -> 0 | AL43: =IF(OR(AL$8=2,AL$8=4,AL$8=6),1,0) -> 0
B44: 35 | C44: =INDEX('Vias Var Man'!$D$12:$D$3949,MATCH('MAPA VARRIÇÃO MANUAL'!B44,'Vias Var Man'!$B$12:$B$3949)) -> 1 vez na semana | D44: =VLOOKUP(B44,'Vias Var Man'!$B$12:$H$3949,7,FALSE) -> 6.2932 | E44: =F44*D44 -> 25.1728 | F44: =SUM(G44:AK44) -> 4 | G44: =IF(WEEKDAY(G$9,1)=2,1,0) -> 0 | H44: =IF(WEEKDAY(H$9,1)=2,1,0) -> 0 | I44: =IF(WEEKDAY(I$9,1)=2,1,0) -> 0 | J44: =IF(WEEKDAY(J$9,1)=2,1,0) -> 1 | K44: =IF(WEEKDAY(K$9,1)=2,1,0) -> 0 | L44: =IF(WEEKDAY(L$9,1)=2,1,0) -> 0 | M44: =IF(WEEKDAY(M$9,1)=2,1,0) -> 0 | N44: =IF(WEEKDAY(N$9,1)=2,1,0) -> 0 | ... AI44: =IF(WEEKDAY(AI$9,1)=2,1,0) -> 0
B45: 36 | C45: =INDEX('Vias Var Man'!$D$12:$D$3949,MATCH('MAPA VARRIÇÃO MANUAL'!B45,'Vias Var Man'!$B$12:$B$3949)) -> 1 vez na semana | D45: =VLOOKUP(B45,'Vias Var Man'!$B$12:$H$3949,7,FALSE) -> 5.95936 | E45: =F45*D45 -> 23.83744 | F45: =SUM(G45:AK45) -> 4 | G45: =IF(WEEKDAY(G$9,1)=2,1,0) -> 0 | H45: =IF(WEEKDAY(H$9,1)=2,1,0) -> 0 | I45: =IF(WEEKDAY(I$9,1)=2,1,0) -> 0 | J45: =IF(WEEKDAY(J$9,1)=2,1,0) -> 1 | K45: =IF(WEEKDAY(K$9,1)=2,1,0) -> 0 | L45: =IF(WEEKDAY(L$9,1)=2,1,0) -> 0 | M45: =IF(WEEKDAY(M$9,1)=2,1,0) -> 0 | N45: =IF(WEEKDAY(N$9,1)=2,1,0) -> 0 | ... AI45: =IF(WEEKDAY(AI$9,1)=2,1,0) -> 0 | AL45: =IF(OR(AL$8=2,AL$8=4,AL$8=6),1,0) -> 0
B46: 37 | C46: =INDEX('Vias Var Man'!$D$12:$D$3949,MATCH('MAPA VARRIÇÃO MANUAL'!B46,'Vias Var Man'!$B$12:$B$3949)) -> 1 vez na semana | D46: =VLOOKUP(B46,'Vias Var Man'!$B$12:$H$3949,7,FALSE) -> 5.9422 | E46: =F46*D46 -> 23.7688 | F46: =SUM(G46:AK46) -> 4 | G46: =IF(WEEKDAY(G$9,1)=2,1,0) -> 0 | H46: =IF(WEEKDAY(H$9,1)=2,1,0) -> 0 | I46: =IF(WEEKDAY(I$9,1)=2,1,0) -> 0 | J46: =IF(WEEKDAY(J$9,1)=2,1,0) -> 1 | K46: =IF(WEEKDAY(K$9,1)=2,1,0) -> 0 | L46: =IF(WEEKDAY(L$9,1)=2,1,0) -> 0 | M46: =IF(WEEKDAY(M$9,1)=2,1,0) -> 0 | N46: =IF(WEEKDAY(N$9,1)=2,1,0) -> 0 | ... AI46: =IF(WEEKDAY(AI$9,1)=2,1,0) -> 0
B47: 38 | C47: =INDEX('Vias Var Man'!$D$12:$D$3949,MATCH('MAPA VARRIÇÃO MANUAL'!B47,'Vias Var Man'!$B$12:$B$3949)) -> 1 vez na semana | D47: =VLOOKUP(B47,'Vias Var Man'!$B$12:$H$3949,7,FALSE) -> 6.02104 | E47: =F47*D47 -> 24.08416 | F47: =SUM(G47:AK47) -> 4 | G47: =IF(WEEKDAY(G$9,1)=2,1,0) -> 0 | H47: =IF(WEEKDAY(H$9,1)=2,1,0) -> 0 | I47: =IF(WEEKDAY(I$9,1)=2,1,0) -> 0 | J47: =IF(WEEKDAY(J$9,1)=2,1,0) -> 1 | K47: =IF(WEEKDAY(K$9,1)=2,1,0) -> 0 | L47: =IF(WEEKDAY(L$9,1)=2,1,0) -> 0 | M47: =IF(WEEKDAY(M$9,1)=2,1,0) -> 0 | N47: =IF(WEEKDAY(N$9,1)=2,1,0) -> 0 | ... AI47: =IF(WEEKDAY(AI$9,1)=2,1,0) -> 0 | AL47: =IF(OR(AL$8=2,AL$8=4,AL$8=6),1,0) -> 0
B48: 39 | C48: =INDEX('Vias Var Man'!$D$12:$D$3949,MATCH('MAPA VARRIÇÃO MANUAL'!B48,'Vias Var Man'!$B$12:$B$3949)) -> 1 vez na semana | D48: =VLOOKUP(B48,'Vias Var Man'!$B$12:$H$3949,7,FALSE) -> 6.14596 | E48: =F48*D48 -> 24.58384 | F48: =SUM(G48:AK48) -> 4 | G48: =IF(WEEKDAY(G$9,1)=2,1,0) -> 0 | H48: =IF(WEEKDAY(H$9,1)=2,1,0) -> 0 | I48: =IF(WEEKDAY(I$9,1)=2,1,0) -> 0 | J48: =IF(WEEKDAY(J$9,1)=2,1,0) -> 1 | K48: =IF(WEEKDAY(K$9,1)=2,1,0) -> 0 | L48: =IF(WEEKDAY(L$9,1)=2,1,0) -> 0 | M48: =IF(WEEKDAY(M$9,1)=2,1,0) -> 0 | N48: =IF(WEEKDAY(N$9,1)=2,1,0) -> 0 | ... AI48: =IF(WEEKDAY(AI$9,1)=2,1,0) -> 0
B49: 40 | C49: =INDEX('Vias Var Man'!$D$12:$D$3949,MATCH('MAPA VARRIÇÃO MANUAL'!B49,'Vias Var Man'!$B$12:$B$3949)) -> 1 vez na semana | D49: =VLOOKUP(B49,'Vias Var Man'!$B$12:$H$3949,7,FALSE) -> 6.2144 | E49: =F49*D49 -> 24.8576 | F49: =SUM(G49:AK49) -> 4 | G49: =IF(WEEKDAY(G$9,1)=2,1,0) -> 0 | H49: =IF(WEEKDAY(H$9,1)=2,1,0) -> 0 | I49: =IF(WEEKDAY(I$9,1)=2,1,0) -> 0 | J49: =IF(WEEKDAY(J$9,1)=2,1,0) -> 1 | K49: =IF(WEEKDAY(K$9,1)=2,1,0) -> 0 | L49: =IF(WEEKDAY(L$9,1)=2,1,0) -> 0 | M49: =IF(WEEKDAY(M$9,1)=2,1,0) -> 0 | N49: =IF(WEEKDAY(N$9,1)=2,1,0) -> 0 | ... AI49: =IF(WEEKDAY(AI$9,1)=2,1,0) -> 0 | AL49: =IF(OR(AL$8=2,AL$8=4,AL$8=6),1,0) -> 0
B50: 41 | C50: =INDEX('Vias Var Man'!$D$12:$D$3949,MATCH('MAPA VARRIÇÃO MANUAL'!B50,'Vias Var Man'!$B$12:$B$3949)) -> 1 vez na semana | D50: =VLOOKUP(B50,'Vias Var Man'!$B$12:$H$3949,7,FALSE) -> 6.1308 | E50: =F50*D50 -> 24.5232 | F50: =SUM(G50:AK50) -> 4 | G50: =IF(WEEKDAY(G$9,1)=2,1,0) -> 0 | H50: =IF(WEEKDAY(H$9,1)=2,1,0) -> 0 | I50: =IF(WEEKDAY(I$9,1)=2,1,0) -> 0 | J50: =IF(WEEKDAY(J$9,1)=2,1,0) -> 1 | K50: =IF(WEEKDAY(K$9,1)=2,1,0) -> 0 | L50: =IF(WEEKDAY(L$9,1)=2,1,0) -> 0 | M50: =IF(WEEKDAY(M$9,1)=2,1,0) -> 0 | N50: =IF(WEEKDAY(N$9,1)=2,1,0) -> 0 | ... AI50: =IF(WEEKDAY(AI$9,1)=2,1,0) -> 0
B51: 42 | C51: =INDEX('Vias Var Man'!$D$12:$D$3949,MATCH('MAPA VARRIÇÃO MANUAL'!B51,'Vias Var Man'!$B$12:$B$3949)) -> 1 vez na semana | D51: =VLOOKUP(B51,'Vias Var Man'!$B$12:$H$3949,7,FALSE) -> 6.1675 | E51: =F51*D51 -> 24.67 | F51: =SUM(G51:AK51) -> 4 | G51: =IF(WEEKDAY(G$9,1)=2,1,0) -> 0 | H51: =IF(WEEKDAY(H$9,1)=2,1,0) -> 0 | I51: =IF(WEEKDAY(I$9,1)=2,1,0) -> 0 | J51: =IF(WEEKDAY(J$9,1)=2,1,0) -> 1 | K51: =IF(WEEKDAY(K$9,1)=2,1,0) -> 0 | L51: =IF(WEEKDAY(L$9,1)=2,1,0) -> 0 | M51: =IF(WEEKDAY(M$9,1)=2,1,0) -> 0 | N51: =IF(WEEKDAY(N$9,1)=2,1,0) -> 0 | ... AI51: =IF(WEEKDAY(AI$9,1)=2,1,0) -> 0 | AL51: =IF(OR(AL$8=2,AL$8=4,AL$8=6),1,0) -> 0
B52: 43 | C52: =INDEX('Vias Var Man'!$D$12:$D$3949,MATCH('MAPA VARRIÇÃO MANUAL'!B52,'Vias Var Man'!$B$12:$B$3949)) -> 1 vez na semana | D52: =VLOOKUP(B52,'Vias Var Man'!$B$12:$H$3949,7,FALSE) -> 5.90726 | E52: =F52*D52 -> 23.62904 | F52: =SUM(G52:AK52) -> 4 | G52: =IF(WEEKDAY(G$9,1)=2,1,0) -> 0 | H52: =IF(WEEKDAY(H$9,1)=2,1,0) -> 0 | I52: =IF(WEEKDAY(I$9,1)=2,1,0) -> 0 | J52: =IF(WEEKDAY(J$9,1)=2,1,0) -> 1 | K52: =IF(WEEKDAY(K$9,1)=2,1,0) -> 0 | L52: =IF(WEEKDAY(L$9,1)=2,1,0) -> 0 | M52: =IF(WEEKDAY(M$9,1)=2,1,0) -> 0 | N52: =IF(WEEKDAY(N$9,1)=2,1,0) -> 0 | ... AI52: =IF(WEEKDAY(AI$9,1)=2,1,0) -> 0
B53: 44 | C53: =INDEX('Vias Var Man'!$D$12:$D$3949,MATCH('MAPA VARRIÇÃO MANUAL'!B53,'Vias Var Man'!$B$12:$B$3949)) -> 1 vez na semana | D53: =VLOOKUP(B53,'Vias Var Man'!$B$12:$H$3949,7,FALSE) -> 5.9476 | E53: =F53*D53 -> 23.7904 | F53: =SUM(G53:AK53) -> 4 | G53: =IF(WEEKDAY(G$9,1)=2,1,0) -> 0 | H53: =IF(WEEKDAY(H$9,1)=2,1,0) -> 0 | I53: =IF(WEEKDAY(I$9,1)=2,1,0) -> 0 | J53: =IF(WEEKDAY(J$9,1)=2,1,0) -> 1 | K53: =IF(WEEKDAY(K$9,1)=2,1,0) -> 0 | L53: =IF(WEEKDAY(L$9,1)=2,1,0) -> 0 | M53: =IF(WEEKDAY(M$9,1)=2,1,0) -> 0 | N53: =IF(WEEKDAY(N$9,1)=2,1,0) -> 0 | ... AI53: =IF(WEEKDAY(AI$9,1)=2,1,0) -> 0 | AL53: =IF(OR(AL$8=2,AL$8=4,AL$8=6),1,0) -> 0
B54: 45 | C54: =INDEX('Vias Var Man'!$D$12:$D$3949,MATCH('MAPA VARRIÇÃO MANUAL'!B54,'Vias Var Man'!$B$12:$B$3949)) -> 1 vez na semana | D54: =VLOOKUP(B54,'Vias Var Man'!$B$12:$H$3949,7,FALSE) -> 6.01984 | E54: =F54*D54 -> 24.07936 | F54: =SUM(G54:AK54) -> 4 | G54: =IF(WEEKDAY(G$9,1)=2,1,0) -> 0 | H54: =IF(WEEKDAY(H$9,1)=2,1,0) -> 0 | I54: =IF(WEEKDAY(I$9,1)=2,1,0) -> 0 | J54: =IF(WEEKDAY(J$9,1)=2,1,0) -> 1 | K54: =IF(WEEKDAY(K$9,1)=2,1,0) -> 0 | L54: =IF(WEEKDAY(L$9,1)=2,1,0) -> 0 | M54: =IF(WEEKDAY(M$9,1)=2,1,0) -> 0 | N54: =IF(WEEKDAY(N$9,1)=2,1,0) -> 0 | ... AI54: =IF(WEEKDAY(AI$9,1)=2,1,0) -> 0
B55: 46 | C55: =INDEX('Vias Var Man'!$D$12:$D$3949,MATCH('MAPA VARRIÇÃO MANUAL'!B55,'Vias Var Man'!$B$12:$B$3949)) -> 1 vez na semana | D55: =VLOOKUP(B55,'Vias Var Man'!$B$12:$H$3949,7,FALSE) -> 6.36344 | E55: =F55*D55 -> 25.45376 | F55: =SUM(G55:AK55) -> 4 | G55: =IF(WEEKDAY(G$9,1)=2,1,0) -> 0 | H55: =IF(WEEKDAY(H$9,1)=2,1,0) -> 0 | I55: =IF(WEEKDAY(I$9,1)=2,1,0) -> 0 | J55: =IF(WEEKDAY(J$9,1)=2,1,0) -> 1 | K55: =IF(WEEKDAY(K$9,1)=2,1,0) -> 0 | L55: =IF(WEEKDAY(L$9,1)=2,1,0) -> 0 | M55: =IF(WEEKDAY(M$9,1)=2,1,0) -> 0 | N55: =IF(WEEKDAY(N$9,1)=2,1,0) -> 0 | ... AI55: =IF(WEEKDAY(AI$9,1)=2,1,0) -> 0 | AL55: =IF(OR(AL$8=2,AL$8=4,AL$8=6),1,0) -> 0
B56: 47 | C56: =INDEX('Vias Var Man'!$D$12:$D$3949,MATCH('MAPA VARRIÇÃO MANUAL'!B56,'Vias Var Man'!$B$12:$B$3949)) -> 1 vez na semana | D56: =VLOOKUP(B56,'Vias Var Man'!$B$12:$H$3949,7,FALSE) -> 6.4647 | E56: =F56*D56 -> 25.8588 | F56: =SUM(G56:AK56) -> 4 | G56: =IF(WEEKDAY(G$9,1)=2,1,0) -> 0 | H56: =IF(WEEKDAY(H$9,1)=2,1,0) -> 0 | I56: =IF(WEEKDAY(I$9,1)=2,1,0) -> 0 | J56: =IF(WEEKDAY(J$9,1)=2,1,0) -> 1 | K56: =IF(WEEKDAY(K$9,1)=2,1,0) -> 0 | L56: =IF(WEEKDAY(L$9,1)=2,1,0) -> 0 | M56: =IF(WEEKDAY(M$9,1)=2,1,0) -> 0 | N56: =IF(WEEKDAY(N$9,1)=2,1,0) -> 0 | ... AI56: =IF(WEEKDAY(AI$9,1)=2,1,0) -> 0
B57: 48 | C57: =INDEX('Vias Var Man'!$D$12:$D$3949,MATCH('MAPA VARRIÇÃO MANUAL'!B57,'Vias Var Man'!$B$12:$B$3949)) -> 1 vez na semana | D57: =VLOOKUP(B57,'Vias Var Man'!$B$12:$H$3949,7,FALSE) -> 6.10514 | E57: =F57*D57 -> 24.42056 | F57: =SUM(G57:AK57) -> 4 | G57: =IF(WEEKDAY(G$9,1)=2,1,0) -> 0 | H57: =IF(WEEKDAY(H$9,1)=2,1,0) -> 0 | I57: =IF(WEEKDAY(I$9,1)=2,1,0) -> 0 | J57: =IF(WEEKDAY(J$9,1)=2,1,0) -> 1 | K57: =IF(WEEKDAY(K$9,1)=2,1,0) -> 0 | L57: =IF(WEEKDAY(L$9,1)=2,1,0) -> 0 | M57: =IF(WEEKDAY(M$9,1)=2,1,0) -> 0 | N57: =IF(WEEKDAY(N$9,1)=2,1,0) -> 0 | ... AI57: =IF(WEEKDAY(AI$9,1)=2,1,0) -> 0 | AL57: =IF(OR(AL$8=2,AL$8=4,AL$8=6),1,0) -> 0
B58: 49 | C58: =INDEX('Vias Var Man'!$D$12:$D$3949,MATCH('MAPA VARRIÇÃO MANUAL'!B58,'Vias Var Man'!$B$12:$B$3949)) -> 1 vez na semana | D58: =VLOOKUP(B58,'Vias Var Man'!$B$12:$H$3949,7,FALSE) -> 6.30052 | E58: =F58*D58 -> 25.20208 | F58: =SUM(G58:AK58) -> 4 | G58: =IF(WEEKDAY(G$9,1)=2,1,0) -> 0 | H58: =IF(WEEKDAY(H$9,1)=2,1,0) -> 0 | I58: =IF(WEEKDAY(I$9,1)=2,1,0) -> 0 | J58: =IF(WEEKDAY(J$9,1)=2,1,0) -> 1 | K58: =IF(WEEKDAY(K$9,1)=2,1,0) -> 0 | L58: =IF(WEEKDAY(L$9,1)=2,1,0) -> 0 | M58: =IF(WEEKDAY(M$9,1)=2,1,0) -> 0 | N58: =IF(WEEKDAY(N$9,1)=2,1,0) -> 0 | ... AI58: =IF(WEEKDAY(AI$9,1)=2,1,0) -> 0
B59: 50 | C59: =INDEX('Vias Var Man'!$D$12:$D$3949,MATCH('MAPA VARRIÇÃO MANUAL'!B59,'Vias Var Man'!$B$12:$B$3949)) -> 1 vez na semana | D59: =VLOOKUP(B59,'Vias Var Man'!$B$12:$H$3949,7,FALSE) -> 6.11244 | E59: =F59*D59 -> 24.44976 | F59: =SUM(G59:AK59) -> 4 | G59: =IF(WEEKDAY(G$9,1)=2,1,0) -> 0 | H59: =IF(WEEKDAY(H$9,1)=2,1,0) -> 0 | I59: =IF(WEEKDAY(I$9,1)=2,1,0) -> 0 | J59: =IF(WEEKDAY(J$9,1)=2,1,0) -> 1 | K59: =IF(WEEKDAY(K$9,1)=2,1,0) -> 0 | L59: =IF(WEEKDAY(L$9,1)=2,1,0) -> 0 | M59: =IF(WEEKDAY(M$9,1)=2,1,0) -> 0 | N59: =IF(WEEKDAY(N$9,1)=2,1,0) -> 0 | ... AI59: =IF(WEEKDAY(AI$9,1)=2,1,0) -> 0 | AL59: =IF(OR(AL$8=2,AL$8=4,AL$8=6),1,0) -> 0
B60: 51 | C60: =INDEX('Vias Var Man'!$D$12:$D$3949,MATCH('MAPA VARRIÇÃO MANUAL'!B60,'Vias Var Man'!$B$12:$B$3949)) -> 1 vez na semana | D60: =VLOOKUP(B60,'Vias Var Man'!$B$12:$H$3949,7,FALSE) -> 6.28304 | E60: =F60*D60 -> 25.13216 | F60: =SUM(G60:AK60) -> 4 | G60: =IF(WEEKDAY(G$9,1)=2,1,0) -> 0 | H60: =IF(WEEKDAY(H$9,1)=2,1,0) -> 0 | I60: =IF(WEEKDAY(I$9,1)=2,1,0) -> 0 | J60: =IF(WEEKDAY(J$9,1)=2,1,0) -> 1 | K60: =IF(WEEKDAY(K$9,1)=2,1,0) -> 0 | L60: =IF(WEEKDAY(L$9,1)=2,1,0) -> 0 | M60: =IF(WEEKDAY(M$9,1)=2,1,0) -> 0 | N60: =IF(WEEKDAY(N$9,1)=2,1,0) -> 0 | ... AI60: =IF(WEEKDAY(AI$9,1)=2,1,0) -> 0
B61: 52 | C61: =INDEX('Vias Var Man'!$D$12:$D$3949,MATCH('MAPA VARRIÇÃO MANUAL'!B61,'Vias Var Man'!$B$12:$B$3949)) -> 1 vez na semana | D61: =VLOOKUP(B61,'Vias Var Man'!$B$12:$H$3949,7,FALSE) -> 6.32786 | E61: =F61*D61 -> 25.31144 | F61: =SUM(G61:AK61) -> 4 | G61: =IF(WEEKDAY(G$9,1)=2,1,0) -> 0 | H61: =IF(WEEKDAY(H$9,1)=2,1,0) -> 0 | I61: =IF(WEEKDAY(I$9,1)=2,1,0) -> 0 | J61: =IF(WEEKDAY(J$9,1)=2,1,0) -> 1 | K61: =IF(WEEKDAY(K$9,1)=2,1,0) -> 0 | L61: =IF(WEEKDAY(L$9,1)=2,1,0) -> 0 | M61: =IF(WEEKDAY(M$9,1)=2,1,0) -> 0 | N61: =IF(WEEKDAY(N$9,1)=2,1,0) -> 0 | ... AI61: =IF(WEEKDAY(AI$9,1)=2,1,0) -> 0 | AL61: =IF(OR(AL$8=2,AL$8=4,AL$8=6),1,0) -> 0
B62: 53 | C62: =INDEX('Vias Var Man'!$D$12:$D$3949,MATCH('MAPA VARRIÇÃO MANUAL'!B62,'Vias Var Man'!$B$12:$B$3949)) -> 1 vez na semana | D62: =VLOOKUP(B62,'Vias Var Man'!$B$12:$H$3949,7,FALSE) -> 5.9572 | E62: =F62*D62 -> 23.8288 | F62: =SUM(G62:AK62) -> 4 | G62: =IF(WEEKDAY(G$9,1)=2,1,0) -> 0 | H62: =IF(WEEKDAY(H$9,1)=2,1,0) -> 0 | I62: =IF(WEEKDAY(I$9,1)=2,1,0) -> 0 | J62: =IF(WEEKDAY(J$9,1)=2,1,0) -> 1 | K62: =IF(WEEKDAY(K$9,1)=2,1,0) -> 0 | L62: =IF(WEEKDAY(L$9,1)=2,1,0) -> 0 | M62: =IF(WEEKDAY(M$9,1)=2,1,0) -> 0 | N62: =IF(WEEKDAY(N$9,1)=2,1,0) -> 0 | ... AI62: =IF(WEEKDAY(AI$9,1)=2,1,0) -> 0
B63: 54 | C63: =INDEX('Vias Var Man'!$D$12:$D$3949,MATCH('MAPA VARRIÇÃO MANUAL'!B63,'Vias Var Man'!$B$12:$B$3949)) -> 1 vez na semana | D63: =VLOOKUP(B63,'Vias Var Man'!$B$12:$H$3949,7,FALSE) -> 5.63066 | E63: =F63*D63 -> 22.52264 | F63: =SUM(G63:AK63) -> 4 | G63: =IF(WEEKDAY(G$9,1)=2,1,0) -> 0 | H63: =IF(WEEKDAY(H$9,1)=2,1,0) -> 0 | I63: =IF(WEEKDAY(I$9,1)=2,1,0) -> 0 | J63: =IF(WEEKDAY(J$9,1)=2,1,0) -> 1 | K63: =IF(WEEKDAY(K$9,1)=2,1,0) -> 0 | L63: =IF(WEEKDAY(L$9,1)=2,1,0) -> 0 | M63: =IF(WEEKDAY(M$9,1)=2,1,0) -> 0 | N63: =IF(WEEKDAY(N$9,1)=2,1,0) -> 0 | ... AI63: =IF(WEEKDAY(AI$9,1)=2,1,0) -> 0 | AL63: =IF(OR(AL$8=2,AL$8=4,AL$8=6),1,0) -> 0
B64: 55 | C64: =INDEX('Vias Var Man'!$D$12:$D$3949,MATCH('MAPA VARRIÇÃO MANUAL'!B64,'Vias Var Man'!$B$12:$B$3949)) -> 1 vez na semana | D64: =VLOOKUP(B64,'Vias Var Man'!$B$12:$H$3949,7,FALSE) -> 5.44462 | E64: =F64*D64 -> 21.77848 | F64: =SUM(G64:AK64) -> 4 | G64: =IF(WEEKDAY(G$9,1)=2,1,0) -> 0 | H64: =IF(WEEKDAY(H$9,1)=2,1,0) -> 0 | I64: =IF(WEEKDAY(I$9,1)=2,1,0) -> 0 | J64: =IF(WEEKDAY(J$9,1)=2,1,0) -> 1 | K64: =IF(WEEKDAY(K$9,1)=2,1,0) -> 0 | L64: =IF(WEEKDAY(L$9,1)=2,1,0) -> 0 | M64: =IF(WEEKDAY(M$9,1)=2,1,0) -> 0 | N64: =IF(WEEKDAY(N$9,1)=2,1,0) -> 0 | ... AI64: =IF(WEEKDAY(AI$9,1)=2,1,0) -> 0
B65: 56 | C65: =INDEX('Vias Var Man'!$D$12:$D$3949,MATCH('MAPA VARRIÇÃO MANUAL'!B65,'Vias Var Man'!$B$12:$B$3949)) -> 1 vez na semana | D65: =VLOOKUP(B65,'Vias Var Man'!$B$12:$H$3949,7,FALSE) -> 5.79044 | E65: =F65*D65 -> 23.16176 | F65: =SUM(G65:AK65) -> 4 | G65: =IF(WEEKDAY(G$9,1)=2,1,0) -> 0 | H65: =IF(WEEKDAY(H$9,1)=2,1,0) -> 0 | I65: =IF(WEEKDAY(I$9,1)=2,1,0) -> 0 | J65: =IF(WEEKDAY(J$9,1)=2,1,0) -> 1 | K65: =IF(WEEKDAY(K$9,1)=2,1,0) -> 0 | L65: =IF(WEEKDAY(L$9,1)=2,1,0) -> 0 | M65: =IF(WEEKDAY(M$9,1)=2,1,0) -> 0 | N65: =IF(WEEKDAY(N$9,1)=2,1,0) -> 0 | ... AI65: =IF(WEEKDAY(AI$9,1)=2,1,0) -> 0 | AL65: =IF(OR(AL$8=2,AL$8=4,AL$8=6),1,0) -> 0
B66: 57 | C66: =INDEX('Vias Var Man'!$D$12:$D$3949,MATCH('MAPA VARRIÇÃO MANUAL'!B66,'Vias Var Man'!$B$12:$B$3949)) -> 1 vez na semana | D66: =VLOOKUP(B66,'Vias Var Man'!$B$12:$H$3949,7,FALSE) -> 5.63078 | E66: =F66*D66 -> 22.52312 | F66: =SUM(G66:AK66) -> 4 | G66: =IF(WEEKDAY(G$9,1)=2,1,0) -> 0 | H66: =IF(WEEKDAY(H$9,1)=2,1,0) -> 0 | I66: =IF(WEEKDAY(I$9,1)=2,1,0) -> 0 | J66: =IF(WEEKDAY(J$9,1)=2,1,0) -> 1 | K66: =IF(WEEKDAY(K$9,1)=2,1,0) -> 0 | L66: =IF(WEEKDAY(L$9,1)=2,1,0) -> 0 | M66: =IF(WEEKDAY(M$9,1)=2,1,0) -> 0 | N66: =IF(WEEKDAY(N$9,1)=2,1,0) -> 0 | ... AI66: =IF(WEEKDAY(AI$9,1)=2,1,0) -> 0
B67: 58 | C67: =INDEX('Vias Var Man'!$D$12:$D$3949,MATCH('MAPA VARRIÇÃO MANUAL'!B67,'Vias Var Man'!$B$12:$B$3949)) -> 1 vez na semana | D67: =VLOOKUP(B67,'Vias Var Man'!$B$12:$H$3949,7,FALSE) -> 5.72108 | E67: =F67*D67 -> 22.88432 | F67: =SUM(G67:AK67) -> 4 | G67: =IF(WEEKDAY(G$9,1)=2,1,0) -> 0 | H67: =IF(WEEKDAY(H$9,1)=2,1,0) -> 0 | I67: =IF(WEEKDAY(I$9,1)=2,1,0) -> 0 | J67: =IF(WEEKDAY(J$9,1)=2,1,0) -> 1 | K67: =IF(WEEKDAY(K$9,1)=2,1,0) -> 0 | L67: =IF(WEEKDAY(L$9,1)=2,1,0) -> 0 | M67: =IF(WEEKDAY(M$9,1)=2,1,0) -> 0 | N67: =IF(WEEKDAY(N$9,1)=2,1,0) -> 0 | ... AI67: =IF(WEEKDAY(AI$9,1)=2,1,0) -> 0 | AL67: =IF(OR(AL$8=2,AL$8=4,AL$8=6),1,0) -> 0
B68: 59 | C68: =INDEX('Vias Var Man'!$D$12:$D$3949,MATCH('MAPA VARRIÇÃO MANUAL'!B68,'Vias Var Man'!$B$12:$B$3949)) -> 1 vez na semana | D68: =VLOOKUP(B68,'Vias Var Man'!$B$12:$H$3949,7,FALSE) -> 5.96204 | E68: =F68*D68 -> 23.84816 | F68: =SUM(G68:AK68) -> 4 | G68: =IF(WEEKDAY(G$9,1)=2,1,0) -> 0 | H68: =IF(WEEKDAY(H$9,1)=2,1,0) -> 0 | I68: =IF(WEEKDAY(I$9,1)=2,1,0) -> 0 | J68: =IF(WEEKDAY(J$9,1)=2,1,0) -> 1 | K68: =IF(WEEKDAY(K$9,1)=2,1,0) -> 0 | L68: =IF(WEEKDAY(L$9,1)=2,1,0) -> 0 | M68: =IF(WEEKDAY(M$9,1)=2,1,0) -> 0 | N68: =IF(WEEKDAY(N$9,1)=2,1,0) -> 0 | ... AI68: =IF(WEEKDAY(AI$9,1)=2,1,0) -> 0
B69: 60 | C69: =INDEX('Vias Var Man'!$D$12:$D$3949,MATCH('MAPA VARRIÇÃO MANUAL'!B69,'Vias Var Man'!$B$12:$B$3949)) -> 1 vez na semana | D69: =VLOOKUP(B69,'Vias Var Man'!$B$12:$H$3949,7,FALSE) -> 6.19694 | E69: =F69*D69 -> 24.78776 | F69: =SUM(G69:AK69) -> 4 | G69: =IF(WEEKDAY(G$9,1)=2,1,0) -> 0 | H69: =IF(WEEKDAY(H$9,1)=2,1,0) -> 0 | I69: =IF(WEEKDAY(I$9,1)=2,1,0) -> 0 | J69: =IF(WEEKDAY(J$9,1)=2,1,0) -> 1 | K69: =IF(WEEKDAY(K$9,1)=2,1,0) -> 0 | L69: =IF(WEEKDAY(L$9,1)=2,1,0) -> 0 | M69: =IF(WEEKDAY(M$9,1)=2,1,0) -> 0 | N69: =IF(WEEKDAY(N$9,1)=2,1,0) -> 0 | ... AI69: =IF(WEEKDAY(AI$9,1)=2,1,0) -> 0 | AL69: =IF(OR(AL$8=2,AL$8=4,AL$8=6),1,0) -> 0
B70: 61 | C70: =INDEX('Vias Var Man'!$D$12:$D$3949,MATCH('MAPA VARRIÇÃO MANUAL'!B70,'Vias Var Man'!$B$12:$B$3949)) -> 1 vez na semana | D70: =VLOOKUP(B70,'Vias Var Man'!$B$12:$H$3949,7,FALSE) -> 5.7401 | E70: =F70*D70 -> 22.9604 | F70: =SUM(G70:AK70) -> 4 | G70: =IF(WEEKDAY(G$9,1)=2,1,0) -> 0 | H70: =IF(WEEKDAY(H$9,1)=2,1,0) -> 0 | I70: =IF(WEEKDAY(I$9,1)=2,1,0) -> 0 | J70: =IF(WEEKDAY(J$9,1)=2,1,0) -> 1 | K70: =IF(WEEKDAY(K$9,1)=2,1,0) -> 0 | L70: =IF(WEEKDAY(L$9,1)=2,1,0) -> 0 | M70: =IF(WEEKDAY(M$9,1)=2,1,0) -> 0 | N70: =IF(WEEKDAY(N$9,1)=2,1,0) -> 0 | ... AI70: =IF(WEEKDAY(AI$9,1)=2,1,0) -> 0
B71: 62 | C71: =INDEX('Vias Var Man'!$D$12:$D$3949,MATCH('MAPA VARRIÇÃO MANUAL'!B71,'Vias Var Man'!$B$12:$B$3949)) -> 1 vez na semana | D71: =VLOOKUP(B71,'Vias Var Man'!$B$12:$H$3949,7,FALSE) -> 5.94054 | E71: =F71*D71 -> 23.76216 | F71: =SUM(G71:AK71) -> 4 | G71: =IF(WEEKDAY(G$9,1)=2,1,0) -> 0 | H71: =IF(WEEKDAY(H$9,1)=2,1,0) -> 0 | I71: =IF(WEEKDAY(I$9,1)=2,1,0) -> 0 | J71: =IF(WEEKDAY(J$9,1)=2,1,0) -> 1 | K71: =IF(WEEKDAY(K$9,1)=2,1,0) -> 0 | L71: =IF(WEEKDAY(L$9,1)=2,1,0) -> 0 | M71: =IF(WEEKDAY(M$9,1)=2,1,0) -> 0 | N71: =IF(WEEKDAY(N$9,1)=2,1,0) -> 0 | ... AI71: =IF(WEEKDAY(AI$9,1)=2,1,0) -> 0 | AL71: =IF(OR(AL$8=2,AL$8=4,AL$8=6),1,0) -> 0
B72: 63 | C72: =INDEX('Vias Var Man'!$D$12:$D$3949,MATCH('MAPA VARRIÇÃO MANUAL'!B72,'Vias Var Man'!$B$12:$B$3949)) -> 1 vez na semana | D72: =VLOOKUP(B72,'Vias Var Man'!$B$12:$H$3949,7,FALSE) -> 5.58568 | E72: =F72*D72 -> 22.34272 | F72: =SUM(G72:AK72) -> 4 | G72: =IF(WEEKDAY(G$9,1)=2,1,0) -> 0 | H72: =IF(WEEKDAY(H$9,1)=2,1,0) -> 0 | I72: =IF(WEEKDAY(I$9,1)=2,1,0) -> 0 | J72: =IF(WEEKDAY(J$9,1)=2,1,0) -> 1 | K72: =IF(WEEKDAY(K$9,1)=2,1,0) -> 0 | L72: =IF(WEEKDAY(L$9,1)=2,1,0) -> 0 | M72: =IF(WEEKDAY(M$9,1)=2,1,0) -> 0 | N72: =IF(WEEKDAY(N$9,1)=2,1,0) -> 0 | ... AI72: =IF(WEEKDAY(AI$9,1)=2,1,0) -> 0
B73: 64 | C73: =INDEX('Vias Var Man'!$D$12:$D$3949,MATCH('MAPA VARRIÇÃO MANUAL'!B73,'Vias Var Man'!$B$12:$B$3949)) -> 1 vez na semana | D73: =VLOOKUP(B73,'Vias Var Man'!$B$12:$H$3949,7,FALSE) -> 5.37254 | E73: =F73*D73 -> 21.49016 | F73: =SUM(G73:AK73) -> 4 | G73: =IF(WEEKDAY(G$9,1)=2,1,0) -> 0 | H73: =IF(WEEKDAY(H$9,1)=2,1,0) -> 0 | I73: =IF(WEEKDAY(I$9,1)=2,1,0) -> 0 | J73: =IF(WEEKDAY(J$9,1)=2,1,0) -> 1 | K73: =IF(WEEKDAY(K$9,1)=2,1,0) -> 0 | L73: =IF(WEEKDAY(L$9,1)=2,1,0) -> 0 | M73: =IF(WEEKDAY(M$9,1)=2,1,0) -> 0 | N73: =IF(WEEKDAY(N$9,1)=2,1,0) -> 0 | ... AI73: =IF(WEEKDAY(AI$9,1)=2,1,0) -> 0 | AL73: =IF(OR(AL$8=2,AL$8=4,AL$8=6),1,0) -> 0
B74: 65 | C74: =INDEX('Vias Var Man'!$D$12:$D$3949,MATCH('MAPA VARRIÇÃO MANUAL'!B74,'Vias Var Man'!$B$12:$B$3949)) -> 1 vez na semana | D74: =VLOOKUP(B74,'Vias Var Man'!$B$12:$H$3949,7,FALSE) -> 6.18788 | E74: =F74*D74 -> 24.75152 | F74: =SUM(G74:AK74) -> 4 | G74: =IF(WEEKDAY(G$9,1)=2,1,0) -> 0 | H74: =IF(WEEKDAY(H$9,1)=2,1,0) -> 0 | I74: =IF(WEEKDAY(I$9,1)=2,1,0) -> 0 | J74: =IF(WEEKDAY(J$9,1)=2,1,0) -> 1 | K74: =IF(WEEKDAY(K$9,1)=2,1,0) -> 0 | L74: =IF(WEEKDAY(L$9,1)=2,1,0) -> 0 | M74: =IF(WEEKDAY(M$9,1)=2,1,0) -> 0 | N74: =IF(WEEKDAY(N$9,1)=2,1,0) -> 0 | ... AI74: =IF(WEEKDAY(AI$9,1)=2,1,0) -> 0
B75: 66 | C75: =INDEX('Vias Var Man'!$D$12:$D$3949,MATCH('MAPA VARRIÇÃO MANUAL'!B75,'Vias Var Man'!$B$12:$B$3949)) -> 1 vez na semana | D75: =VLOOKUP(B75,'Vias Var Man'!$B$12:$H$3949,7,FALSE) -> 5.7178 | E75: =F75*D75 -> 22.8712 | F75: =SUM(G75:AK75) -> 4 | G75: =IF(WEEKDAY(G$9,1)=2,1,0) -> 0 | H75: =IF(WEEKDAY(H$9,1)=2,1,0) -> 0 | I75: =IF(WEEKDAY(I$9,1)=2,1,0) -> 0 | J75: =IF(WEEKDAY(J$9,1)=2,1,0) -> 1 | K75: =IF(WEEKDAY(K$9,1)=2,1,0) -> 0 | L75: =IF(WEEKDAY(L$9,1)=2,1,0) -> 0 | M75: =IF(WEEKDAY(M$9,1)=2,1,0) -> 0 | N75: =IF(WEEKDAY(N$9,1)=2,1,0) -> 0 | ... AI75: =IF(WEEKDAY(AI$9,1)=2,1,0) -> 0 | AL75: =IF(OR(AL$8=2,AL$8=4,AL$8=6),1,0) -> 0
B76: 67 | C76: =INDEX('Vias Var Man'!$D$12:$D$3949,MATCH('MAPA VARRIÇÃO MANUAL'!B76,'Vias Var Man'!$B$12:$B$3949)) -> 1 vez na semana | D76: =VLOOKUP(B76,'Vias Var Man'!$B$12:$H$3949,7,FALSE) -> 5.72972 | E76: =F76*D76 -> 22.91888 | F76: =SUM(G76:AK76) -> 4 | G76: =IF(WEEKDAY(G$9,1)=2,1,0) -> 0 | H76: =IF(WEEKDAY(H$9,1)=2,1,0) -> 0 | I76: =IF(WEEKDAY(I$9,1)=2,1,0) -> 0 | J76: =IF(WEEKDAY(J$9,1)=2,1,0) -> 1 | K76: =IF(WEEKDAY(K$9,1)=2,1,0) -> 0 | L76: =IF(WEEKDAY(L$9,1)=2,1,0) -> 0 | M76: =IF(WEEKDAY(M$9,1)=2,1,0) -> 0 | N76: =IF(WEEKDAY(N$9,1)=2,1,0) -> 0 | ... AI76: =IF(WEEKDAY(AI$9,1)=2,1,0) -> 0
B77: 68 | C77: =INDEX('Vias Var Man'!$D$12:$D$3949,MATCH('MAPA VARRIÇÃO MANUAL'!B77,'Vias Var Man'!$B$12:$B$3949)) -> 1 vez na semana | D77: =VLOOKUP(B77,'Vias Var Man'!$B$12:$H$3949,7,FALSE) -> 5.81988 | E77: =F77*D77 -> 23.27952 | F77: =SUM(G77:AK77) -> 4 | G77: =IF(WEEKDAY(G$9,1)=2,1,0) -> 0 | H77: =IF(WEEKDAY(H$9,1)=2,1,0) -> 0 | I77: =IF(WEEKDAY(I$9,1)=2,1,0) -> 0 | J77: =IF(WEEKDAY(J$9,1)=2,1,0) -> 1 | K77: =IF(WEEKDAY(K$9,1)=2,1,0) -> 0 | L77: =IF(WEEKDAY(L$9,1)=2,1,0) -> 0 | M77: =IF(WEEKDAY(M$9,1)=2,1,0) -> 0 | N77: =IF(WEEKDAY(N$9,1)=2,1,0) -> 0 | ... AI77: =IF(WEEKDAY(AI$9,1)=2,1,0) -> 0 | AL77: =IF(OR(AL$8=2,AL$8=4,AL$8=6),1,0) -> 0
B78: 69 | C78: =INDEX('Vias Var Man'!$D$12:$D$3949,MATCH('MAPA VARRIÇÃO MANUAL'!B78,'Vias Var Man'!$B$12:$B$3949)) -> 1 vez na semana | D78: =VLOOKUP(B78,'Vias Var Man'!$B$12:$H$3949,7,FALSE) -> 5.89094 | E78: =F78*D78 -> 23.56376 | F78: =SUM(G78:AK78) -> 4 | G78: =IF(WEEKDAY(G$9,1)=2,1,0) -> 0 | H78: =IF(WEEKDAY(H$9,1)=2,1,0) -> 0 | I78: =IF(WEEKDAY(I$9,1)=2,1,0) -> 0 | J78: =IF(WEEKDAY(J$9,1)=2,1,0) -> 1 | K78: =IF(WEEKDAY(K$9,1)=2,1,0) -> 0 | L78: =IF(WEEKDAY(L$9,1)=2,1,0) -> 0 | M78: =IF(WEEKDAY(M$9,1)=2,1,0) -> 0 | N78: =IF(WEEKDAY(N$9,1)=2,1,0) -> 0 | ... AI78: =IF(WEEKDAY(AI$9,1)=2,1,0) -> 0
B79: 70 | C79: =INDEX('Vias Var Man'!$D$12:$D$3949,MATCH('MAPA VARRIÇÃO MANUAL'!B79,'Vias Var Man'!$B$12:$B$3949)) -> 1 vez na semana | D79: =VLOOKUP(B79,'Vias Var Man'!$B$12:$H$3949,7,FALSE) -> 5.6787 | E79: =F79*D79 -> 22.7148 | F79: =SUM(G79:AK79) -> 4 | G79: =IF(WEEKDAY(G$9,1)=2,1,0) -> 0 | H79: =IF(WEEKDAY(H$9,1)=2,1,0) -> 0 | I79: =IF(WEEKDAY(I$9,1)=2,1,0) -> 0 | J79: =IF(WEEKDAY(J$9,1)=2,1,0) -> 1 | K79: =IF(WEEKDAY(K$9,1)=2,1,0) -> 0 | L79: =IF(WEEKDAY(L$9,1)=2,1,0) -> 0 | M79: =IF(WEEKDAY(M$9,1)=2,1,0) -> 0 | N79: =IF(WEEKDAY(N$9,1)=2,1,0) -> 0 | ... AI79: =IF(WEEKDAY(AI$9,1)=2,1,0) -> 0 | AL79: =IF(OR(AL$8=2,AL$8=4,AL$8=6),1,0) -> 0
B80: 71 | C80: =INDEX('Vias Var Man'!$D$12:$D$3949,MATCH('MAPA VARRIÇÃO MANUAL'!B80,'Vias Var Man'!$B$12:$B$3949)) -> 1 vez na semana | D80: =VLOOKUP(B80,'Vias Var Man'!$B$12:$H$3949,7,FALSE) -> 5.85924 | E80: =F80*D80 -> 23.43696 | F80: =SUM(G80:AK80) -> 4 | G80: =IF(WEEKDAY(G$9,1)=2,1,0) -> 0 | H80: =IF(WEEKDAY(H$9,1)=2,1,0) -> 0 | I80: =IF(WEEKDAY(I$9,1)=2,1,0) -> 0 | J80: =IF(WEEKDAY(J$9,1)=2,1,0) -> 1 | K80: =IF(WEEKDAY(K$9,1)=2,1,0) -> 0 | L80: =IF(WEEKDAY(L$9,1)=2,1,0) -> 0 | M80: =IF(WEEKDAY(M$9,1)=2,1,0) -> 0 | N80: =IF(WEEKDAY(N$9,1)=2,1,0) -> 0 | ... AI80: =IF(WEEKDAY(AI$9,1)=2,1,0) -> 0
B81: 72 | C81: =INDEX('Vias Var Man'!$D$12:$D$3949,MATCH('MAPA VARRIÇÃO MANUAL'!B81,'Vias Var Man'!$B$12:$B$3949)) -> 1 vez na semana | D81: =VLOOKUP(B81,'Vias Var Man'!$B$12:$H$3949,7,FALSE) -> 5.87578 | E81: =F81*D81 -> 23.50312 | F81: =SUM(G81:AK81) -> 4 | G81: =IF(WEEKDAY(G$9,1)=2,1,0) -> 0 | H81: =IF(WEEKDAY(H$9,1)=2,1,0) -> 0 | I81: =IF(WEEKDAY(I$9,1)=2,1,0) -> 0 | J81: =IF(WEEKDAY(J$9,1)=2,1,0) -> 1 | K81: =IF(WEEKDAY(K$9,1)=2,1,0) -> 0 | L81: =IF(WEEKDAY(L$9,1)=2,1,0) -> 0 | M81: =IF(WEEKDAY(M$9,1)=2,1,0) -> 0 | N81: =IF(WEEKDAY(N$9,1)=2,1,0) -> 0 | ... AI81: =IF(WEEKDAY(AI$9,1)=2,1,0) -> 0 | AL81: =IF(OR(AL$8=2,AL$8=4,AL$8=6),1,0) -> 0
B82: 73 | C82: =INDEX('Vias Var Man'!$D$12:$D$3949,MATCH('MAPA VARRIÇÃO MANUAL'!B82,'Vias Var Man'!$B$12:$B$3949)) -> 1 vez na semana | D82: =VLOOKUP(B82,'Vias Var Man'!$B$12:$H$3949,7,FALSE) -> 6.04134 | E82: =F82*D82 -> 24.16536 | F82: =SUM(G82:AK82) -> 4 | G82: =IF(WEEKDAY(G$9,1)=2,1,0) -> 0 | H82: =IF(WEEKDAY(H$9,1)=2,1,0) -> 0 | I82: =IF(WEEKDAY(I$9,1)=2,1,0) -> 0 | J82: =IF(WEEKDAY(J$9,1)=2,1,0) -> 1 | K82: =IF(WEEKDAY(K$9,1)=2,1,0) -> 0 | L82: =IF(WEEKDAY(L$9,1)=2,1,0) -> 0 | M82: =IF(WEEKDAY(M$9,1)=2,1,0) -> 0 | N82: =IF(WEEKDAY(N$9,1)=2,1,0) -> 0 | ... AI82: =IF(WEEKDAY(AI$9,1)=2,1,0) -> 0
B83: 74 | C83: =INDEX('Vias Var Man'!$D$12:$D$3949,MATCH('MAPA VARRIÇÃO MANUAL'!B83,'Vias Var Man'!$B$12:$B$3949)) -> 1 vez na semana | D83: =VLOOKUP(B83,'Vias Var Man'!$B$12:$H$3949,7,FALSE) -> 5.8309 | E83: =F83*D83 -> 23.3236 | F83: =SUM(G83:AK83) -> 4 | G83: =IF(WEEKDAY(G$9,1)=2,1,0) -> 0 | H83: =IF(WEEKDAY(H$9,1)=2,1,0) -> 0 | I83: =IF(WEEKDAY(I$9,1)=2,1,0) -> 0 | J83: =IF(WEEKDAY(J$9,1)=2,1,0) -> 1 | K83: =IF(WEEKDAY(K$9,1)=2,1,0) -> 0 | L83: =IF(WEEKDAY(L$9,1)=2,1,0) -> 0 | M83: =IF(WEEKDAY(M$9,1)=2,1,0) -> 0 | N83: =IF(WEEKDAY(N$9,1)=2,1,0) -> 0 | ... AI83: =IF(WEEKDAY(AI$9,1)=2,1,0) -> 0 | AL83: =IF(OR(AL$8=2,AL$8=4,AL$8=6),1,0) -> 0
B84: 75 | C84: =INDEX('Vias Var Man'!$D$12:$D$3949,MATCH('MAPA VARRIÇÃO MANUAL'!B84,'Vias Var Man'!$B$12:$B$3949)) -> 1 vez na semana | D84: =VLOOKUP(B84,'Vias Var Man'!$B$12:$H$3949,7,FALSE) -> 6.08252 | E84: =F84*D84 -> 24.33008 | F84: =SUM(G84:AK84) -> 4 | G84: =IF(WEEKDAY(G$9,1)=2,1,0) -> 0 | H84: =IF(WEEKDAY(H$9,1)=2,1,0) -> 0 | I84: =IF(WEEKDAY(I$9,1)=2,1,0) -> 0 | J84: =IF(WEEKDAY(J$9,1)=2,1,0) -> 1 | K84: =IF(WEEKDAY(K$9,1)=2,1,0) -> 0 | L84: =IF(WEEKDAY(L$9,1)=2,1,0) -> 0 | M84: =IF(WEEKDAY(M$9,1)=2,1,0) -> 0 | N84: =IF(WEEKDAY(N$9,1)=2,1,0) -> 0 | ... AI84: =IF(WEEKDAY(AI$9,1)=2,1,0) -> 0
B85: 76 | C85: =INDEX('Vias Var Man'!$D$12:$D$3949,MATCH('MAPA VARRIÇÃO MANUAL'!B85,'Vias Var Man'!$B$12:$B$3949)) -> 1 vez na semana | D85: =VLOOKUP(B85,'Vias Var Man'!$B$12:$H$3949,7,FALSE) -> 5.8968 | E85: =F85*D85 -> 23.5872 | F85: =SUM(G85:AK85) -> 4 | G85: =IF(WEEKDAY(G$9,1)=2,1,0) -> 0 | H85: =IF(WEEKDAY(H$9,1)=2,1,0) -> 0 | I85: =IF(WEEKDAY(I$9,1)=2,1,0) -> 0 | J85: =IF(WEEKDAY(J$9,1)=2,1,0) -> 1 | K85: =IF(WEEKDAY(K$9,1)=2,1,0) -> 0 | L85: =IF(WEEKDAY(L$9,1)=2,1,0) -> 0 | M85: =IF(WEEKDAY(M$9,1)=2,1,0) -> 0 | N85: =IF(WEEKDAY(N$9,1)=2,1,0) -> 0 | ... AI85: =IF(WEEKDAY(AI$9,1)=2,1,0) -> 0 | AL85: =IF(OR(AL$8=2,AL$8=4,AL$8=6),1,0) -> 0
B86: 77 | C86: =INDEX('Vias Var Man'!$D$12:$D$3949,MATCH('MAPA VARRIÇÃO MANUAL'!B86,'Vias Var Man'!$B$12:$B$3949)) -> 1 vez na semana | D86: =VLOOKUP(B86,'Vias Var Man'!$B$12:$H$3949,7,FALSE) -> 5.83948 | E86: =F86*D86 -> 23.35792 | F86: =SUM(G86:AK86) -> 4 | G86: =IF(WEEKDAY(G$9,1)=2,1,0) -> 0 | H86: =IF(WEEKDAY(H$9,1)=2,1,0) -> 0 | I86: =IF(WEEKDAY(I$9,1)=2,1,0) -> 0 | J86: =IF(WEEKDAY(J$9,1)=2,1,0) -> 1 | K86: =IF(WEEKDAY(K$9,1)=2,1,0) -> 0 | L86: =IF(WEEKDAY(L$9,1)=2,1,0) -> 0 | M86: =IF(WEEKDAY(M$9,1)=2,1,0) -> 0 | N86: =IF(WEEKDAY(N$9,1)=2,1,0) -> 0 | ... AI86: =IF(WEEKDAY(AI$9,1)=2,1,0) -> 0
B87: 78 | C87: =INDEX('Vias Var Man'!$D$12:$D$3949,MATCH('MAPA VARRIÇÃO MANUAL'!B87,'Vias Var Man'!$B$12:$B$3949)) -> 1 vez na semana | D87: =VLOOKUP(B87,'Vias Var Man'!$B$12:$H$3949,7,FALSE) -> 5.75562 | E87: =F87*D87 -> 23.02248 | F87: =SUM(G87:AK87) -> 4 | G87: =IF(WEEKDAY(G$9,1)=2,1,0) -> 0 | H87: =IF(WEEKDAY(H$9,1)=2,1,0) -> 0 | I87: =IF(WEEKDAY(I$9,1)=2,1,0) -> 0 | J87: =IF(WEEKDAY(J$9,1)=2,1,0) -> 1 | K87: =IF(WEEKDAY(K$9,1)=2,1,0) -> 0 | L87: =IF(WEEKDAY(L$9,1)=2,1,0) -> 0 | M87: =IF(WEEKDAY(M$9,1)=2,1,0) -> 0 | N87: =IF(WEEKDAY(N$9,1)=2,1,0) -> 0 | ... AI87: =IF(WEEKDAY(AI$9,1)=2,1,0) -> 0 | AL87: =IF(OR(AL$8=2,AL$8=4,AL$8=6),1,0) -> 0
B88: 79 | C88: =INDEX('Vias Var Man'!$D$12:$D$3949,MATCH('MAPA VARRIÇÃO MANUAL'!B88,'Vias Var Man'!$B$12:$B$3949)) -> 1 vez na semana | D88: =VLOOKUP(B88,'Vias Var Man'!$B$12:$H$3949,7,FALSE) -> 5.81184 | E88: =F88*D88 -> 23.24736 | F88: =SUM(G88:AK88) -> 4 | G88: =IF(WEEKDAY(G$9,1)=2,1,0) -> 0 | H88: =IF(WEEKDAY(H$9,1)=2,1,0) -> 0 | I88: =IF(WEEKDAY(I$9,1)=2,1,0) -> 0 | J88: =IF(WEEKDAY(J$9,1)=2,1,0) -> 1 | K88: =IF(WEEKDAY(K$9,1)=2,1,0) -> 0 | L88: =IF(WEEKDAY(L$9,1)=2,1,0) -> 0 | M88: =IF(WEEKDAY(M$9,1)=2,1,0) -> 0 | N88: =IF(WEEKDAY(N$9,1)=2,1,0) -> 0 | ... AI88: =IF(WEEKDAY(AI$9,1)=2,1,0) -> 0
B89: 80 | C89: =INDEX('Vias Var Man'!$D$12:$D$3949,MATCH('MAPA VARRIÇÃO MANUAL'!B89,'Vias Var Man'!$B$12:$B$3949)) -> 1 vez na semana | D89: =VLOOKUP(B89,'Vias Var Man'!$B$12:$H$3949,7,FALSE) -> 5.6193 | E89: =F89*D89 -> 22.4772 | F89: =SUM(G89:AK89) -> 4 | G89: =IF(WEEKDAY(G$9,1)=2,1,0) -> 0 | H89: =IF(WEEKDAY(H$9,1)=2,1,0) -> 0 | I89: =IF(WEEKDAY(I$9,1)=2,1,0) -> 0 | J89: =IF(WEEKDAY(J$9,1)=2,1,0) -> 1 | K89: =IF(WEEKDAY(K$9,1)=2,1,0) -> 0 | L89: =IF(WEEKDAY(L$9,1)=2,1,0) -> 0 | M89: =IF(WEEKDAY(M$9,1)=2,1,0) -> 0 | N89: =IF(WEEKDAY(N$9,1)=2,1,0) -> 0 | ... AI89: =IF(WEEKDAY(AI$9,1)=2,1,0) -> 0 | AL89: =IF(OR(AL$8=2,AL$8=4,AL$8=6),1,0) -> 0
B90: 81 | C90: =INDEX('Vias Var Man'!$D$12:$D$3949,MATCH('MAPA VARRIÇÃO MANUAL'!B90,'Vias Var Man'!$B$12:$B$3949)) -> 1 vez na semana | D90: =VLOOKUP(B90,'Vias Var Man'!$B$12:$H$3949,7,FALSE) -> 6.25798 | E90: =F90*D90 -> 25.03192 | F90: =SUM(G90:AK90) -> 4 | G90: =IF(WEEKDAY(G$9,1)=2,1,0) -> 0 | H90: =IF(WEEKDAY(H$9,1)=2,1,0) -> 0 | I90: =IF(WEEKDAY(I$9,1)=2,1,0) -> 0 | J90: =IF(WEEKDAY(J$9,1)=2,1,0) -> 1 | K90: =IF(WEEKDAY(K$9,1)=2,1,0) -> 0 | L90: =IF(WEEKDAY(L$9,1)=2,1,0) -> 0 | M90: =IF(WEEKDAY(M$9,1)=2,1,0) -> 0 | N90: =IF(WEEKDAY(N$9,1)=2,1,0) -> 0 | ... AI90: =IF(WEEKDAY(AI$9,1)=2,1,0) -> 0
B91: 82 | C91: =INDEX('Vias Var Man'!$D$12:$D$3949,MATCH('MAPA VARRIÇÃO MANUAL'!B91,'Vias Var Man'!$B$12:$B$3949)) -> 1 vez na semana | D91: =VLOOKUP(B91,'Vias Var Man'!$B$12:$H$3949,7,FALSE) -> 5.9558 | E91: =F91*D91 -> 23.8232 | F91: =SUM(G91:AK91) -> 4 | G91: =IF(WEEKDAY(G$9,1)=2,1,0) -> 0 | H91: =IF(WEEKDAY(H$9,1)=2,1,0) -> 0 | I91: =IF(WEEKDAY(I$9,1)=2,1,0) -> 0 | J91: =IF(WEEKDAY(J$9,1)=2,1,0) -> 1 | K91: =IF(WEEKDAY(K$9,1)=2,1,0) -> 0 | L91: =IF(WEEKDAY(L$9,1)=2,1,0) -> 0 | M91: =IF(WEEKDAY(M$9,1)=2,1,0) -> 0 | N91: =IF(WEEKDAY(N$9,1)=2,1,0) -> 0 | ... AI91: =IF(WEEKDAY(AI$9,1)=2,1,0) -> 0 | AL91: =IF(OR(AL$8=2,AL$8=4,AL$8=6),1,0) -> 0
B92: 83 | C92: =INDEX('Vias Var Man'!$D$12:$D$3949,MATCH('MAPA VARRIÇÃO MANUAL'!B92,'Vias Var Man'!$B$12:$B$3949)) -> 1 vez na semana | D92: =VLOOKUP(B92,'Vias Var Man'!$B$12:$H$3949,7,FALSE) -> 5.71652 | E92: =F92*D92 -> 22.86608 | F92: =SUM(G92:AK92) -> 4 | G92: =IF(WEEKDAY(G$9,1)=2,1,0) -> 0 | H92: =IF(WEEKDAY(H$9,1)=2,1,0) -> 0 | I92: =IF(WEEKDAY(I$9,1)=2,1,0) -> 0 | J92: =IF(WEEKDAY(J$9,1)=2,1,0) -> 1 | K92: =IF(WEEKDAY(K$9,1)=2,1,0) -> 0 | L92: =IF(WEEKDAY(L$9,1)=2,1,0) -> 0 | M92: =IF(WEEKDAY(M$9,1)=2,1,0) -> 0 | N92: =IF(WEEKDAY(N$9,1)=2,1,0) -> 0 | ... AI92: =IF(WEEKDAY(AI$9,1)=2,1,0) -> 0
B93: 84 | C93: =INDEX('Vias Var Man'!$D$12:$D$3949,MATCH('MAPA VARRIÇÃO MANUAL'!B93,'Vias Var Man'!$B$12:$B$3949)) -> 1 vez na semana | D93: =VLOOKUP(B93,'Vias Var Man'!$B$12:$H$3949,7,FALSE) -> 6.162 | E93: =F93*D93 -> 24.648 | F93: =SUM(G93:AK93) -> 4 | G93: =IF(WEEKDAY(G$9,1)=2,1,0) -> 0 | H93: =IF(WEEKDAY(H$9,1)=2,1,0) -> 0 | I93: =IF(WEEKDAY(I$9,1)=2,1,0) -> 0 | J93: =IF(WEEKDAY(J$9,1)=2,1,0) -> 1 | K93: =IF(WEEKDAY(K$9,1)=2,1,0) -> 0 | L93: =IF(WEEKDAY(L$9,1)=2,1,0) -> 0 | M93: =IF(WEEKDAY(M$9,1)=2,1,0) -> 0 | N93: =IF(WEEKDAY(N$9,1)=2,1,0) -> 0 | ... AI93: =IF(WEEKDAY(AI$9,1)=2,1,0) -> 0 | AL93: =IF(OR(AL$8=2,AL$8=4,AL$8=6),1,0) -> 0
B94: 85 | C94: =INDEX('Vias Var Man'!$D$12:$D$3949,MATCH('MAPA VARRIÇÃO MANUAL'!B94,'Vias Var Man'!$B$12:$B$3949)) -> 1 vez na semana | D94: =VLOOKUP(B94,'Vias Var Man'!$B$12:$H$3949,7,FALSE) -> 5.76234 | E94: =F94*D94 -> 23.04936 | F94: =SUM(G94:AK94) -> 4 | G94: =IF(WEEKDAY(G$9,1)=2,1,0) -> 0 | H94: =IF(WEEKDAY(H$9,1)=2,1,0) -> 0 | I94: =IF(WEEKDAY(I$9,1)=2,1,0) -> 0 | J94: =IF(WEEKDAY(J$9,1)=2,1,0) -> 1 | K94: =IF(WEEKDAY(K$9,1)=2,1,0) -> 0 | L94: =IF(WEEKDAY(L$9,1)=2,1,0) -> 0 | M94: =IF(WEEKDAY(M$9,1)=2,1,0) -> 0 | N94: =IF(WEEKDAY(N$9,1)=2,1,0) -> 0 | ... AI94: =IF(WEEKDAY(AI$9,1)=2,1,0) -> 0
B95: 86 | C95: =INDEX('Vias Var Man'!$D$12:$D$3949,MATCH('MAPA VARRIÇÃO MANUAL'!B95,'Vias Var Man'!$B$12:$B$3949)) -> 1 vez na semana | D95: =VLOOKUP(B95,'Vias Var Man'!$B$12:$H$3949,7,FALSE) -> 5.74364 | E95: =F95*D95 -> 22.97456 | F95: =SUM(G95:AK95) -> 4 | G95: =IF(WEEKDAY(G$9,1)=2,1,0) -> 0 | H95: =IF(WEEKDAY(H$9,1)=2,1,0) -> 0 | I95: =IF(WEEKDAY(I$9,1)=2,1,0) -> 0 | J95: =IF(WEEKDAY(J$9,1)=2,1,0) -> 1 | K95: =IF(WEEKDAY(K$9,1)=2,1,0) -> 0 | L95: =IF(WEEKDAY(L$9,1)=2,1,0) -> 0 | M95: =IF(WEEKDAY(M$9,1)=2,1,0) -> 0 | N95: =IF(WEEKDAY(N$9,1)=2,1,0) -> 0 | ... AI95: =IF(WEEKDAY(AI$9,1)=2,1,0) -> 0 | AL95: =IF(OR(AL$8=2,AL$8=4,AL$8=6),1,0) -> 0
B96: 87 | C96: =INDEX('Vias Var Man'!$D$12:$D$3949,MATCH('MAPA VARRIÇÃO MANUAL'!B96,'Vias Var Man'!$B$12:$B$3949)) -> 1 vez na semana | D96: =VLOOKUP(B96,'Vias Var Man'!$B$12:$H$3949,7,FALSE) -> 6.0704 | E96: =F96*D96 -> 24.2816 | F96: =SUM(G96:AK96) -> 4 | G96: =IF(WEEKDAY(G$9,1)=2,1,0) -> 0 | H96: =IF(WEEKDAY(H$9,1)=2,1,0) -> 0 | I96: =IF(WEEKDAY(I$9,1)=2,1,0) -> 0 | J96: =IF(WEEKDAY(J$9,1)=2,1,0) -> 1 | K96: =IF(WEEKDAY(K$9,1)=2,1,0) -> 0 | L96: =IF(WEEKDAY(L$9,1)=2,1,0) -> 0 | M96: =IF(WEEKDAY(M$9,1)=2,1,0) -> 0 | N96: =IF(WEEKDAY(N$9,1)=2,1,0) -> 0 | ... AI96: =IF(WEEKDAY(AI$9,1)=2,1,0) -> 0
B97: 88 | C97: =INDEX('Vias Var Man'!$D$12:$D$3949,MATCH('MAPA VARRIÇÃO MANUAL'!B97,'Vias Var Man'!$B$12:$B$3949)) -> 1 vez na semana | D97: =VLOOKUP(B97,'Vias Var Man'!$B$12:$H$3949,7,FALSE) -> 6.21504 | E97: =F97*D97 -> 24.86016 | F97: =SUM(G97:AK97) -> 4 | G97: =IF(WEEKDAY(G$9,1)=2,1,0) -> 0 | H97: =IF(WEEKDAY(H$9,1)=2,1,0) -> 0 | I97: =IF(WEEKDAY(I$9,1)=2,1,0) -> 0 | J97: =IF(WEEKDAY(J$9,1)=2,1,0) -> 1 | K97: =IF(WEEKDAY(K$9,1)=2,1,0) -> 0 | L97: =IF(WEEKDAY(L$9,1)=2,1,0) -> 0 | M97: =IF(WEEKDAY(M$9,1)=2,1,0) -> 0 | N97: =IF(WEEKDAY(N$9,1)=2,1,0) -> 0 | ... AI97: =IF(WEEKDAY(AI$9,1)=2,1,0) -> 0 | AL97: =IF(OR(AL$8=2,AL$8=4,AL$8=6),1,0) -> 0
B98: 89 | C98: =INDEX('Vias Var Man'!$D$12:$D$3949,MATCH('MAPA VARRIÇÃO MANUAL'!B98,'Vias Var Man'!$B$12:$B$3949)) -> 1 vez na semana | D98: =VLOOKUP(B98,'Vias Var Man'!$B$12:$H$3949,7,FALSE) -> 5.8717 | E98: =F98*D98 -> 23.4868 | F98: =SUM(G98:AK98) -> 4 | G98: =IF(WEEKDAY(G$9,1)=2,1,0) -> 0 | H98: =IF(WEEKDAY(H$9,1)=2,1,0) -> 0 | I98: =IF(WEEKDAY(I$9,1)=2,1,0) -> 0 | J98: =IF(WEEKDAY(J$9,1)=2,1,0) -> 1 | K98: =IF(WEEKDAY(K$9,1)=2,1,0) -> 0 | L98: =IF(WEEKDAY(L$9,1)=2,1,0) -> 0 | M98: =IF(WEEKDAY(M$9,1)=2,1,0) -> 0 | N98: =IF(WEEKDAY(N$9,1)=2,1,0) -> 0 | ... AI98: =IF(WEEKDAY(AI$9,1)=2,1,0) -> 0
B99: 90 | C99: =INDEX('Vias Var Man'!$D$12:$D$3949,MATCH('MAPA VARRIÇÃO MANUAL'!B99,'Vias Var Man'!$B$12:$B$3949)) -> 1 vez na semana | D99: =VLOOKUP(B99,'Vias Var Man'!$B$12:$H$3949,7,FALSE) -> 5.88238 | E99: =F99*D99 -> 23.52952 | F99: =SUM(G99:AK99) -> 4 | G99: =IF(WEEKDAY(G$9,1)=2,1,0) -> 0 | H99: =IF(WEEKDAY(H$9,1)=2,1,0) -> 0 | I99: =IF(WEEKDAY(I$9,1)=2,1,0) -> 0 | J99: =IF(WEEKDAY(J$9,1)=2,1,0) -> 1 | K99: =IF(WEEKDAY(K$9,1)=2,1,0) -> 0 | L99: =IF(WEEKDAY(L$9,1)=2,1,0) -> 0 | M99: =IF(WEEKDAY(M$9,1)=2,1,0) -> 0 | N99: =IF(WEEKDAY(N$9,1)=2,1,0) -> 0 | ... AI99: =IF(WEEKDAY(AI$9,1)=2,1,0) -> 0 | AL99: =IF(OR(AL$8=2,AL$8=4,AL$8=6),1,0) -> 0
B100: 91 | C100: =INDEX('Vias Var Man'!$D$12:$D$3949,MATCH('MAPA VARRIÇÃO MANUAL'!B100,'Vias Var Man'!$B$12:$B$3949)) -> 1 vez na semana | D100: =VLOOKUP(B100,'Vias Var Man'!$B$12:$H$3949,7,FALSE) -> 5.6752 | E100: =F100*D100 -> 22.7008 | F100: =SUM(G100:AK100) -> 4 | G100: =IF(WEEKDAY(G$9,1)=2,1,0) -> 0 | H100: =IF(WEEKDAY(H$9,1)=2,1,0) -> 0 | I100: =IF(WEEKDAY(I$9,1)=2,1,0) -> 0 | J100: =IF(WEEKDAY(J$9,1)=2,1,0) -> 1 | K100: =IF(WEEKDAY(K$9,1)=2,1,0) -> 0 | L100: =IF(WEEKDAY(L$9,1)=2,1,0) -> 0 | M100: =IF(WEEKDAY(M$9,1)=2,1,0) -> 0 | N100: =IF(WEEKDAY(N$9,1)=2,1,0) -> 0 | ... AI100: =IF(WEEKDAY(AI$9,1)=2,1,0) -> 0
B101: 92 | C101: =INDEX('Vias Var Man'!$D$12:$D$3949,MATCH('MAPA VARRIÇÃO MANUAL'!B101,'Vias Var Man'!$B$12:$B$3949)) -> 1 vez na semana | D101: =VLOOKUP(B101,'Vias Var Man'!$B$12:$H$3949,7,FALSE) -> 5.98114 | E101: =F101*D101 -> 23.92456 | F101: =SUM(G101:AK101) -> 4 | G101: =IF(WEEKDAY(G$9,1)=2,1,0) -> 0 | H101: =IF(WEEKDAY(H$9,1)=2,1,0) -> 0 | I101: =IF(WEEKDAY(I$9,1)=2,1,0) -> 0 | J101: =IF(WEEKDAY(J$9,1)=2,1,0) -> 1 | K101: =IF(WEEKDAY(K$9,1)=2,1,0) -> 0 | L101: =IF(WEEKDAY(L$9,1)=2,1,0) -> 0 | M101: =IF(WEEKDAY(M$9,1)=2,1,0) -> 0 | N101: =IF(WEEKDAY(N$9,1)=2,1,0) -> 0 | ... AI101: =IF(WEEKDAY(AI$9,1)=2,1,0) -> 0 | AL101: =IF(OR(AL$8=2,AL$8=4,AL$8=6),1,0) -> 0
B102: 93 | C102: =INDEX('Vias Var Man'!$D$12:$D$3949,MATCH('MAPA VARRIÇÃO MANUAL'!B102,'Vias Var Man'!$B$12:$B$3949)) -> 1 vez na semana | D102: =VLOOKUP(B102,'Vias Var Man'!$B$12:$H$3949,7,FALSE) -> 6.3576 | E102: =F102*D102 -> 25.4304 | F102: =SUM(G102:AK102) -> 4 | G102: =IF(WEEKDAY(G$9,1)=2,1,0) -> 0 | H102: =IF(WEEKDAY(H$9,1)=2,1,0) -> 0 | I102: =IF(WEEKDAY(I$9,1)=2,1,0) -> 0 | J102: =IF(WEEKDAY(J$9,1)=2,1,0) -> 1 | K102: =IF(WEEKDAY(K$9,1)=2,1,0) -> 0 | L102: =IF(WEEKDAY(L$9,1)=2,1,0) -> 0 | M102: =IF(WEEKDAY(M$9,1)=2,1,0) -> 0 | N102: =IF(WEEKDAY(N$9,1)=2,1,0) -> 0 | ... AI102: =IF(WEEKDAY(AI$9,1)=2,1,0) -> 0
...

Sheet TabelaRoçadaMec
A1: SERVIÇO | B1: DATA | C1: LOCAL | D1: TIPO DE EQUIPAMENTO | E1: UNIDADE | F1: QUANTIDADE | G1: OBSERVAÇÃO
A2: ROÇADA MECANIZADA | B2: 46259 | C2: Distrito Agroindustrial Noberto Teixeira CENTO E TRINTA E SEIS 11 014E | D2: TR23 | E2: m² | F2: 4812.5272
A3: ROÇADA MECANIZADA | B3: 46259 | C3: Distrito Agroindustrial Noberto Teixeira CENTO E TRINTA E SEIS 11 014E | D3: TR23 | E3: m² | F3: 1077.9659
A4: ROÇADA MECANIZADA | B4: 46259 | C4: Distrito Agroindustrial Noberto Teixeira CENTO E TRINTA E SEIS 11 014E | D4: TR23 | E4: m² | F4: 2328.7112
A5: ROÇADA MECANIZADA | B5: 46259 | C5: Distrito Agroindustrial Noberto Teixeira CENTO E TRINTA E SEIS 11 014E | D5: TR23 | E5: m² | F5: 1052.0936
A6: ROÇADA MECANIZADA | B6: 46259 | C6: Distrito Agroindustrial Noberto Teixeira CENTO E TRINTA E SEIS 11 014E | D6: TR-31 | E6: m² | F6: 6339.4
A7: ROÇADA MECANIZADA | B7: 46259 | C7: Distrito Agroindustrial Noberto Teixeira CENTO E TRINTA E SEIS 11 014E | D7: TR04 | E7: m² | F7: 4593.7119
A8: ROÇADA MECANIZADA | B8: 46259 | C8: Distrito Agroindustrial Noberto Teixeira CENTO E TRINTA E SEIS 11 014E | D8: TR04 | E8: m² | F8: 1477.7642
A9: ROÇADA MECANIZADA | B9: 46259 | C9: Distrito Agroindustrial Noberto Teixeira CENTO E TRINTA E SEIS 11 014E | D9: TR19 | E9: m² | F9: 5647.3058
A10: ROÇADA MECANIZADA | B10: 46259 | C10: Buriti Sereno CENTO E TRINTA E SEIS 234 6 | D10: TR03 | E10: m² | F10: 498.33974
A11: ROÇADA MECANIZADA | B11: 46259 | C11: Buriti Sereno CENTO E TRINTA E SEIS 234 9 | D11: TR03 | E11: m² | F11: 499.18049
A12: ROÇADA MECANIZADA | B12: 46259 | C12: Buriti Sereno CENTO E TRINTA E SEIS 234 10 | D12: TR03 | E12: m² | F12: 499.18365
A13: ROÇADA MECANIZADA | B13: 46259 | C13: Buriti Sereno CENTO E TRINTA E SEIS 234 11 | D13: TR03 | E13: m² | F13: 499.18245
... A1424: ROÇADA MECANIZADA | B1424: 46268 | C1424: Rosa dos Ventos CENTO E TRINTA E SEIS 122 11 | D1424: TR12 | E1424: m² | F1424: 446.78804
A1425: ROÇADA MECANIZADA | B1425: 46268 | D1425: TR12 | E1425: m² | F1425: 10697.692
A1426: ROÇADA MECANIZADA | B1426: 46268 | C1426: Itamaraty CENTO E TRINTA E SEIS 5 11 | D1426: TR12 | E1426: m² | F1426: 459.15991
A1427: ROÇADA MECANIZADA | B1427: 46268 | C1427: Rosa dos Ventos CENTO E TRINTA E SEIS 123 31 | D1427: TR15 | E1427: m² | F1427: 458.94535
A1428: ROÇADA MECANIZADA | B1428: 46268 | C1428: Rosa dos Ventos CENTO E TRINTA E SEIS 130 18 | D1428: TR15 | E1428: m² | F1428: 620.50814
A1429: ROÇADA MECANIZADA | B1429: 46268 | C1429: Rosa dos Ventos CENTO E TRINTA E SEIS 130 16 | D1429: TR15 | E1429: m² | F1429: 474.6617
A1430: ROÇADA MECANIZADA | B1430: 46268 | C1430: Rosa dos Ventos CENTO E TRINTA E SEIS 130 17 | D1430: TR15 | E1430: m² | F1430: 811.69129
A1431: ROÇADA MECANIZADA | B1431: 46268 | C1431: Rosa dos Ventos CENTO E TRINTA E SEIS 130 9 | D1431: TR15 | E1431: m² | F1431: 487.22409
A1432: ROÇADA MECANIZADA | B1432: 46268 | C1432: Rosa dos Ventos CENTO E TRINTA E SEIS 130 20 | D1432: TR15 | E1432: m² | F1432: 423.05379
A1433: ROÇADA MECANIZADA | B1433: 46268 | C1433: Rosa dos Ventos CENTO E TRINTA E SEIS 130 15 | D1433: TR15 | E1433: m² | F1433: 450.49697
A1434: ROÇADA MECANIZADA | B1434: 46268 | C1434: Rosa dos Ventos CENTO E TRINTA E SEIS 117 1 | D1434: TR15 | E1434: m² | F1434: 974.65349
A1435: ROÇADA MECANIZADA | B1435: 46268 | C1435: Rosa dos Ventos CENTO E TRINTA E SEIS 117 9 | D1435: TR15 | E1435: m² | F1435: 574.94374
A1436: ROÇADA MECANIZADA | B1436: 46268 | C1436: Rosa dos Ventos CENTO E TRINTA E SEIS 117 8 | D1436: TR15 | E1436: m² | F1436: 552.32289
A1437: ROÇADA MECANIZADA | B1437: 46268 | C1437: Rosa dos Ventos CENTO E TRINTA E SEIS 117 7 | D1437: TR15 | E1437: m² | F1437: 1014.4546
... A2029: ROÇADA MECANIZADA | B2029: 46273 | C2029: Solar Garden II CENTO E TRINTA E SEIS APM 1 | D2029: TR07 | E2029: m² | F2029: 2058.782
A2030: ROÇADA MECANIZADA | B2030: 46274 | D2030: TR14 | E2030: m² | F2030: 853.51783
A2031: ROÇADA MECANIZADA | B2031: 46274 | D2031: TR14 | E2031: m² | F2031: 971.1308
A2032: ROÇADA MECANIZADA | B2032: 46274 | D2032: TR14 | E2032: m² | F2032: 74.210389
A2033: ROÇADA MECANIZADA | B2033: 46274 | D2033: TR14 | E2033: m² | F2033: 103.05646
A2034: ROÇADA MECANIZADA | B2034: 46274 | D2034: TR14 | E2034: m² | F2034: 323.85799
A2035: ROÇADA MECANIZADA | B2035: 46274 | C2035: Independência 3 Complemento CENTO E TRINTA E SEIS 8A 001A | D2035: TR14 | E2035: m² | F2035: 554.8684
A2036: ROÇADA MECANIZADA | B2036: 46274 | C2036: Oliveira CENTO E TRINTA E SEIS 8 15 | D2036: TR14 | E2036: m² | F2036: 473.72142
A2037: ROÇADA MECANIZADA | B2037: 46274 | C2037: Oliveira CENTO E TRINTA E SEIS 12B 18 | D2037: TR14 | E2037: m² | F2037: 661.35172
A2038: ROÇADA MECANIZADA | B2038: 46274 | C2038: Oliveira CENTO E TRINTA E SEIS 12B 16 | D2038: TR14 | E2038: m² | F2038: 391.60673
A2039: ROÇADA MECANIZADA | B2039: 46274 | C2039: Oliveira CENTO E TRINTA E SEIS 12B 15 | D2039: TR14 | E2039: m² | F2039: 398.80775
A2040: ROÇADA MECANIZADA | B2040: 46274 | C2040: Oliveira CENTO E TRINTA E SEIS 12B 14 | D2040: TR14 | E2040: m² | F2040: 400.93618
A2041: ROÇADA MECANIZADA | B2041: 46274 | C2041: Oliveira CENTO E TRINTA E SEIS 12B 12 | D2041: TR14 | E2041: m² | F2041: 396.05396
A2042: ROÇADA MECANIZADA | B2042: 46274 | C2042: Oliveira CENTO E TRINTA E SEIS 12B 5 | D2042: TR14 | E2042: m² | F2042: 345.19575
A2043: ROÇADA MECANIZADA | B2043: 46274 | C2043: Oliveira CENTO E TRINTA E SEIS 12B 6 | D2043: TR14 | E2043: m² | F2043: 342.88037
A2044: ROÇADA MECANIZADA | B2044: 46274 | C2044: Oliveira CENTO E TRINTA E SEIS 12B 7 | D2044: TR14 | E2044: m² | F2044: 341.81008
A2045: ROÇADA MECANIZADA | B2045: 46274 | C2045: Oliveira CENTO E TRINTA E SEIS 12B 8 | D2045: TR14 | E2045: m² | F2045: 340.65046
A2046: ROÇADA MECANIZADA | B2046: 46274 | C2046: Oliveira CENTO E TRINTA E SEIS 12B 13 | D2046: TR14 | E2046: m² | F2046: 400.93612
... A2468: ROÇADA MECANIZADA | B2468: 46275 | C2468: Oliveira CENTO E TRINTA E SEIS 129 9 | D2468: TR12 | E2468: m² | F2468: 830.88165
A2469: ROÇADA MECANIZADA | B2469: 46275 | D2469: TR12 | E2469: m² | F2469: 1677.3059
A2470: ROÇADA MECANIZADA | B2470: 46275 | D2470: TR12 | E2470: m² | F2470: 2179.371
A2471: ROÇADA MECANIZADA | B2471: 46275 | C2471: Oliveira CENTO E TRINTA E SEIS 119 24 | D2471: TR12 | E2471: m² | F2471: 634.55963
A2472: ROÇADA MECANIZADA | B2472: 46275 | C2472: Oliveira CENTO E TRINTA E SEIS 119 23 | D2472: TR12 | E2472: m² | F2472: 634.97348
A2473: ROÇADA MECANIZADA | B2473: 46275 | C2473: Veiga Jardim CENTO E TRINTA E SEIS 81 5 | D2473: TR12 | E2473: m² | F2473: 418.95977
A2474: ROÇADA MECANIZADA | B2474: 46275 | C2474: Veiga Jardim CENTO E TRINTA E SEIS 81 6 | D2474: TR12 | E2474: m² | F2474: 416.78962
A2475: ROÇADA MECANIZADA | B2475: 46275 | C2475: Veiga Jardim CENTO E TRINTA E SEIS 81 4 | D2475: TR12 | E2475: m² | F2475: 417.66344
A2476: ROÇADA MECANIZADA | B2476: 46275 | C2476: Oliveira CENTO E TRINTA E SEIS 139 20 | D2476: TR13 | E2476: m² | F2476: 515.2015
A2477: ROÇADA MECANIZADA | B2477: 46275 | C2477: Oliveira CENTO E TRINTA E SEIS 139 19 | D2477: TR13 | E2477: m² | F2477: 515.20041
A2478: ROÇADA MECANIZADA | B2478: 46275 | C2478: Oliveira CENTO E TRINTA E SEIS 139 18 | D2478: TR13 | E2478: m² | F2478: 515.19933
A2479: ROÇADA MECANIZADA | B2479: 46275 | C2479: Oliveira CENTO E TRINTA E SEIS 139 4 | D2479: TR13 | E2479: m² | F2479: 442.70589
A2480: ROÇADA MECANIZADA | B2480: 46275 | C2480: Oliveira CENTO E TRINTA E SEIS 139 5 | D2480: TR13 | E2480: m² | F2480: 442.70318
A2481: ROÇADA MECANIZADA | B2481: 46275 | C2481: Oliveira CENTO E TRINTA E SEIS 139 6 | D2481: TR13 | E2481: m² | F2481: 442.70806
A2482: ROÇADA MECANIZADA | B2482: 46275 | C2482: Oliveira CENTO E TRINTA E SEIS 119 10 | D2482: TR13 | E2482: m² | F2482: 873.47357
... A2514: ROÇADA MECANIZADA | B2514: 46275 | C2514: Oliveira CENTO E TRINTA E SEIS 99 1 | D2514: TR11 | E2514: m² | F2514: 452.48854
A2515: ROÇADA MECANIZADA | B2515: 46275 | D2515: TR11 | E2515: m² | F2515: 1875.3805
A2516: ROÇADA MECANIZADA | B2516: 46275 | C2516: Oliveira CENTO E TRINTA E SEIS 106 16 | D2516: TR11 | E2516: m² | F2516: 344.71617
A2517: ROÇADA MECANIZADA | B2517: 46275 | C2517: Oliveira CENTO E TRINTA E SEIS 106 13 | D2517: TR11 | E2517: m² | F2517: 582.34072
A2518: ROÇADA MECANIZADA | B2518: 46275 | C2518: Oliveira CENTO E TRINTA E SEIS 106 15 | D2518: TR11 | E2518: m² | F2518: 344.71422
A2519: ROÇADA MECANIZADA | B2519: 46275 | C2519: Oliveira CENTO E TRINTA E SEIS 106 14 | D2519: TR11 | E2519: m² | F2519: 595.87172
A2520: ROÇADA MECANIZADA | B2520: 46275 | C2520: Oliveira CENTO E TRINTA E SEIS 110 1 | D2520: TR11 | E2520: m² | F2520: 550.37328
A2521: ROÇADA MECANIZADA | B2521: 46275 | C2521: Oliveira CENTO E TRINTA E SEIS 139 16 | D2521: TR25 | E2521: m² | F2521: 515.19737
A2522: ROÇADA MECANIZADA | B2522: 46275 | C2522: Oliveira CENTO E TRINTA E SEIS 139 8 | D2522: TR25 | E2522: m² | F2522: 464.20636
A2523: ROÇADA MECANIZADA | B2523: 46275 | C2523: Oliveira CENTO E TRINTA E SEIS 139 9 | D2523: TR25 | E2523: m² | F2523: 465.36484
A2524: ROÇADA MECANIZADA | B2524: 46275 | C2524: Oliveira CENTO E TRINTA E SEIS 139 14 | D2524: TR25 | E2524: m² | F2524: 499.84878
A2525: ROÇADA MECANIZADA | B2525: 46275 | C2525: Oliveira CENTO E TRINTA E SEIS 139 11 | D2525: TR25 | E2525: m² | F2525: 565.86215
A2526: ROÇADA MECANIZADA | B2526: 46275 | C2526: Oliveira CENTO E TRINTA E SEIS 139 12 | D2526: TR25 | E2526: m² | F2526: 565.86321
A2527: ROÇADA MECANIZADA | B2527: 46275 | C2527: Oliveira CENTO E TRINTA E SEIS 139 13 | D2527: TR25 | E2527: m² | F2527: 884.27832
... A3324: ROÇADA MECANIZADA | B3324: 46280 | C3324: Cidade Satelite Sao Luiz CENTO E TRINTA E SEIS 86 3 | D3324: TR04 | E3324: m² | F3324: 466.6865
A3325: ROÇADA MECANIZADA | B3325: 46280 | D3325: TR04 | E3325: m² | F3325: 810.45578
A3326: ROÇADA MECANIZADA | B3326: 46280 | C3326: Conde dos Arcos Complemento CENTO E TRINTA E SEIS 55 48 | D3326: TR10 | E3326: m² | F3326: 415.99268
A3327: ROÇADA MECANIZADA | B3327: 46280 | C3327: Conde dos Arcos Complemento CENTO E TRINTA E SEIS 55 45 | D3327: TR10 | E3327: m² | F3327: 417.78566
A3328: ROÇADA MECANIZADA | B3328: 46280 | C3328: Conde dos Arcos Complemento CENTO E TRINTA E SEIS 55 044B | D3328: TR10 | E3328: m² | F3328: 198.93655
A3329: ROÇADA MECANIZADA | B3329: 46280 | C3329: Conde dos Arcos Complemento CENTO E TRINTA E SEIS 55 2 | D3329: TR10 | E3329: m² | F3329: 443.54125
A3330: ROÇADA MECANIZADA | B3330: 46280 | C3330: Conde dos Arcos Complemento CENTO E TRINTA E SEIS 55 1 | D3330: TR10 | E3330: m² | F3330: 544.33256
A3331: ROÇADA MECANIZADA | B3331: 46280 | C3331: Conde dos Arcos Complemento CENTO E TRINTA E SEIS 54 10 | D3331: TR10 | E3331: m² | F3331: 631.52025
A3332: ROÇADA MECANIZADA | B3332: 46280 | C3332: Conde dos Arcos Complemento CENTO E TRINTA E SEIS 54 12 | D3332: TR10 | E3332: m² | F3332: 473.23765
A3333: ROÇADA MECANIZADA | B3333: 46280 | C3333: Conde dos Arcos Complemento CENTO E TRINTA E SEIS 54 9 | D3333: TR10 | E3333: m² | F3333: 438.80645
A3334: ROÇADA MECANIZADA | B3334: 46280 | C3334: Conde dos Arcos Complemento CENTO E TRINTA E SEIS 54 8 | D3334: TR10 | E3334: m² | F3334: 436.88715
A3335: ROÇADA MECANIZADA | B3335: 46280 | C3335: Conde dos Arcos Complemento CENTO E TRINTA E SEIS 54 13 | D3335: TR10 | E3335: m² | F3335: 473.23995
A3336: ROÇADA MECANIZADA | B3336: 46280 | C3336: Conde dos Arcos Complemento CENTO E TRINTA E SEIS 54 3 | D3336: TR10 | E3336: m² | F3336: 446.25138
A3337: ROÇADA MECANIZADA | B3337: 46280 | C3337: Conde dos Arcos Complemento CENTO E TRINTA E SEIS 54 4 | D3337: TR10 | E3337: m² | F3337: 479.36744
... A3448: ROÇADA MECANIZADA | B3448: 46281 | C3448: Mariana CENTO E TRINTA E SEIS 60 2 | D3448: TR10 | E3448: m² | F3448: 505.93307
A3449: ROÇADA MECANIZADA | B3449: 46281 | D3449: TR10 | E3449: m² | F3449: 651.57095
A3450: ROÇADA MECANIZADA | B3450: 46281 | C3450: Nova Era CENTO E TRINTA E SEIS 29 16 | D3450: TR12 | E3450: m² | F3450: 605.55315
A3451: ROÇADA MECANIZADA | B3451: 46281 | C3451: Nova Era Acrescimo CENTO E TRINTA E SEIS 2 002E | D3451: TR12 | E3451: m² | F3451: 2975.1876
A3452: ROÇADA MECANIZADA | B3452: 46281 | C3452: Nova Era Acrescimo CENTO E TRINTA E SEIS 7 15 | D3452: TR12 | E3452: m² | F3452: 663.37469
A3453: ROÇADA MECANIZADA | B3453: 46281 | C3453: Nova Era Acrescimo CENTO E TRINTA E SEIS 7 16 | D3453: TR12 | E3453: m² | F3453: 615.04912
A3454: ROÇADA MECANIZADA | B3454: 46281 | C3454: Cidade Satelite Sao Luiz CENTO E TRINTA E SEIS 15 1 | D3454: TR12 | E3454: m² | F3454: 491.44403
A3455: ROÇADA MECANIZADA | B3455: 46281 | C3455: Cidade Satelite Sao Luiz CENTO E TRINTA E SEIS 15 2 | D3455: TR12 | E3455: m² | F3455: 486.52857
A3456: ROÇADA MECANIZADA | B3456: 46281 | C3456: Cidade Satelite Sao Luiz CENTO E TRINTA E SEIS 15 4 | D3456: TR12 | E3456: m² | F3456: 439.55227
A3457: ROÇADA MECANIZADA | B3457: 46281 | C3457: Cidade Satelite Sao Luiz CENTO E TRINTA E SEIS 15 5 | D3457: TR12 | E3457: m² | F3457: 465.52698
A3458: ROÇADA MECANIZADA | B3458: 46281 | C3458: Ilda CENTO E TRINTA E SEIS 13 12 | D3458: TR12 | E3458: m² | F3458: 933.56179
A3459: ROÇADA MECANIZADA | B3459: 46262 | C3459: Nova Era Acrescimo CENTO E TRINTA E SEIS 12 001E | D3459: TR13 | E3459: m² | F3459: 1929.9632
...

Sheet ROÇADA MECANIZADA
C2: OBJETO: Contratação de empresa especializada para a prestação de “Serviços de limpeza pública urbana do município de Aparecida de Goiânia, Estado de Goiás, compreendendo os serviços de coleta domiciliar e comercial, varrição mecanizada, varrição manual, e equipe de serviços diversos de remoção de entulhos e materiais inservíveis, capina e raspagem”
C3: CONCORRÊNCIA PÚBLICA TIPO: | D3: MENOR PREÇO N° 012/2023
C4: CONTRATO: | D4: =#REF! -> #REF!
C5: DATA: | D5: =#REF! -> #REF!
C6: CONTRATADA: CONSORCIO SQ APARECIDA SUSTENTÁVEL - CNPJ.: 56.309.119/0001-03
C7: PERÍODO: | D7: =#REF! -> #REF!
B9: =#REF! -> #REF!
B11: EXECUÇÃO
B12: Dia | C12: Setor | D12: Rua | E12: Equipamento | F12: Área | G12: Quadra | H12: Lote | I12: Nº Inscrição Imobiliária
B13: 46290 | C13: Primavera | D13: CENTO E TRINTA E SEIS | E13: TR13 | F13: 934.81973 | G13: 41 | H13: 18 | I13: 68520 | K13: =SUM(F13:F1048576) -> 2659324.8
B14: 46290 | C14: Primavera | D14: CENTO E TRINTA E SEIS | E14: TR13 | F14: 532.32615 | G14: 41 | H14: 21 | I14: 68523
B15: 46290 | C15: Primavera | D15: CENTO E TRINTA E SEIS | E15: TR13 | F15: 532.70286 | G15: 41 | H15: 20 | I15: 68522
B16: 46290 | C16: Primavera | D16: CENTO E TRINTA E SEIS | E16: TR13 | F16: 538.36459 | G16: 41 | H16: 17 | I16: 68519
B17: 46290 | C17: Primavera | D17: CENTO E TRINTA E SEIS | E17: TR13 | F17: 582.58787 | G17: 41 | H17: 16 | I17: 68518
B18: 46290 | C18: Primavera | D18: CENTO E TRINTA E SEIS | E18: TR13 | F18: 556.30073 | G18: 41 | H18: 12 | I18: 68514
B19: 46290 | C19: Primavera | D19: CENTO E TRINTA E SEIS | E19: TR13 | F19: 562.30229 | G19: 41 | H19: 14 | I19: 68516
B20: 46290 | C20: Primavera | D20: CENTO E TRINTA E SEIS | E20: TR13 | F20: 728.37467 | G20: 41 | H20: 15 | I20: 68517
B21: 46290 | C21: Primavera | D21: CENTO E TRINTA E SEIS | E21: TR13 | F21: 561.93671 | G21: 41 | H21: 13 | I21: 68515
B22: 46290 | C22: Primavera | D22: CENTO E TRINTA E SEIS | E22: TR13 | F22: 489.973 | G22: 41 | H22: 4 | I22: 68506
B23: 46290 | C23: Primavera | D23: CENTO E TRINTA E SEIS | E23: TR13 | F23: 477.47608 | G23: 41 | H23: 5 | I23: 68507
B24: 46290 | C24: Primavera | D24: CENTO E TRINTA E SEIS | E24: TR13 | F24: 532.70518 | G24: 41 | H24: 26 | I24: 68528
B25: 46290 | C25: Primavera | D25: CENTO E TRINTA E SEIS | E25: TR13 | F25: 532.32595 | G25: 41 | H25: 25 | I25: 68527
... B225: 46290 | C225: Primavera | D225: CENTO E TRINTA E SEIS | E225: TR04 | F225: 582.30574 | G225: 12 | H225: 10 | I225: 66847
B226: 46290 | C226: Primavera | D226: CENTO E TRINTA E SEIS | E226: TR04 | F226: 714.61139 | I226: 0
B227: 46290 | C227: Eldorado | D227: CENTO E TRINTA E SEIS | E227: TR07 | F227: 490.43141 | G227: 43 | H227: 21 | I227: 222560
B228: 46290 | C228: Eldorado | D228: CENTO E TRINTA E SEIS | E228: TR07 | F228: 473.44528 | G228: 43 | H228: 20 | I228: 222559
B229: 46290 | C229: Eldorado | D229: CENTO E TRINTA E SEIS | E229: TR07 | F229: 1135.9925 | G229: 43 | H229: 19 | I229: 222558
B230: 46290 | C230: Eldorado | D230: CENTO E TRINTA E SEIS | E230: TR07 | F230: 510.45306 | G230: 42 | H230: 21 | I230: 222351
B231: 46290 | C231: Eldorado | D231: CENTO E TRINTA E SEIS | E231: TR07 | F231: 569.99039 | G231: 42 | H231: 22 | I231: 222352
B232: 46290 | C232: Eldorado | D232: CENTO E TRINTA E SEIS | E232: TR07 | F232: 413.67116 | G232: 42 | H232: 24 | I232: 222354
B233: 46290 | C233: Eldorado | D233: CENTO E TRINTA E SEIS | E233: TR07 | F233: 457.06349 | G233: 42 | H233: 25 | I233: 222355
B234: 46290 | C234: Eldorado | D234: CENTO E TRINTA E SEIS | E234: TR07 | F234: 557.21111 | G234: 42 | H234: 28 | I234: 222358
B235: 46290 | C235: Eldorado | D235: CENTO E TRINTA E SEIS | E235: TR07 | F235: 662.12197 | G235: 42 | H235: 27 | I235: 222357
B236: 46290 | C236: Eldorado | D236: CENTO E TRINTA E SEIS | E236: TR07 | F236: 1374.7382 | G236: 42 | H236: 26 | I236: 222356
B237: 46290 | C237: Eldorado | D237: CENTO E TRINTA E SEIS | E237: TR07 | F237: 514.10423 | G237: 43 | H237: 22 | I237: 222561
B238: 46290 | C238: Eldorado | D238: CENTO E TRINTA E SEIS | E238: TR07 | F238: 391.0874 | G238: 33 | H238: 13 | I238: 222679
... B307: 46293 | C307: Helvecia | D307: CENTO E TRINTA E SEIS | E307: TR09 | F307: 770.53057 | G307: 36 | H307: 15 | I307: 36023
B308: 46293 | C308: Helvecia | D308: CENTO E TRINTA E SEIS | E308: TR09 | F308: 1442.0405 | G308: AV | I308: 0
B309: 46293 | C309: Helvecia | D309: CENTO E TRINTA E SEIS | E309: TR09 | F309: 1798.4466 | G309: AV | I309: 0
B310: 46293 | C310: Helvecia | D310: CENTO E TRINTA E SEIS | E310: TR09 | F310: 420.97064 | G310: 22 | H310: 4 | I310: 4626
B311: 46293 | C311: Bela Vista Continuacao | D311: CENTO E TRINTA E SEIS | E311: TR13 | F311: 519.57912 | G311: 34 | H311: 17 | I311: 133024
B312: 46293 | C312: Bela Vista Continuacao | D312: CENTO E TRINTA E SEIS | E312: TR13 | F312: 448.34311 | G312: 11 | H312: 8 | I312: 132644
B313: 46293 | C313: Bela Vista Continuacao | D313: CENTO E TRINTA E SEIS | E313: TR13 | F313: 738.53864 | G313: 11 | H313: 7 | I313: 132643
B314: 46293 | C314: Bela Vista Continuacao | D314: CENTO E TRINTA E SEIS | E314: TR13 | F314: 457.83387 | G314: 32 | H314: 7 | I314: 133180
B315: 46293 | C315: Bela Vista Continuacao | D315: CENTO E TRINTA E SEIS | E315: TR13 | F315: 493.29414 | G315: 40 | H315: 17 | I315: 133289
B316: 46293 | C316: Cardoso Continuacao | D316: CENTO E TRINTA E SEIS | E316: OPR-COSTAL | F316: 491.79734 | G316: 64 | H316: 9 | I316: 40045
B317: 46293 | C317: Brasilia Continuacao | D317: CENTO E TRINTA E SEIS | E317: TR30 | F317: 780.91948 | G317: 81A | H317: 5 | I317: 131473
B318: 46293 | C318: Brasilia Continuacao | D318: CENTO E TRINTA E SEIS | E318: TR30 | F318: 865.78222 | G318: 81A | H318: 4 | I318: 131471
B319: 46293 | C319: Bela Vista Continuacao | D319: CENTO E TRINTA E SEIS | E319: TR30 | F319: 451.10974 | G319: 32 | H319: 12 | I319: 133185
B320: 46293 | C320: Bela Vista Continuacao | D320: CENTO E TRINTA E SEIS | E320: TR30 | F320: 451.11036 | G320: 32 | H320: 13 | I320: 133186
B321: 46293 | C321: Bela Vista Continuacao | D321: CENTO E TRINTA E SEIS | E321: TR30 | F321: 805.25868 | G321: 14 | H321: 1 | I321: 132651
... B1073: 46296 | C1073: São Pedro | D1073: CENTO E TRINTA E SEIS | E1073: TR30 | F1073: 2475.5304 | G1073: 36 | H1073: 11 | I1073: 142204
B1074: 46296 | C1074: Cidade Vera Cruz | D1074: CENTO E TRINTA E SEIS | E1074: TR12 | F1074: 13358.691 | G1074: APM | I1074: 0
B1075: 46296 | C1075: Cidade Vera Cruz | D1075: CENTO E TRINTA E SEIS | E1075: TR12 | F1075: 6813.0398 | G1075: APM | I1075: 0
B1076: 46296 | C1076: Santo Antonio | D1076: CENTO E TRINTA E SEIS | E1076: TR-31 | F1076: 5049.5027 | G1076: QUINHAO | H1076: 2 | I1076: 523024
B1077: 46296 | C1077: Santo Antonio | D1077: CENTO E TRINTA E SEIS | E1077: TR-31 | F1077: 11872.685 | G1077: QUINHAO | H1077: 2 | I1077: 523024
B1078: 46296 | C1078: Hayala | D1078: CENTO E TRINTA E SEIS | E1078: TR11 | F1078: 449.80167 | G1078: 13 | H1078: 4 | I1078: 186080
B1079: 46296 | C1079: Hayala | D1079: CENTO E TRINTA E SEIS | E1079: TR11 | F1079: 449.26925 | G1079: 13 | H1079: 3 | I1079: 186079
B1080: 46296 | C1080: Independência 3 Complemento | D1080: CENTO E TRINTA E SEIS | E1080: TR11 | F1080: 441.52695 | G1080: K32 | H1080: 20 | I1080: 187705
B1081: 46296 | C1081: Independência 3 Complemento | D1081: CENTO E TRINTA E SEIS | E1081: TR11 | F1081: 441.53182 | G1081: K32 | H1081: 19 | I1081: 187704
B1082: 46296 | C1082: Independência 3 Complemento | D1082: CENTO E TRINTA E SEIS | E1082: TR11 | F1082: 441.52976 | G1082: K32 | H1082: 17 | I1082: 187702
B1083: 46296 | C1083: Independência 3 Complemento | D1083: CENTO E TRINTA E SEIS | E1083: TR11 | F1083: 441.52832 | G1083: K32 | H1083: 16 | I1083: 187701
B1084: 46296 | C1084: Independência 3 Complemento | D1084: CENTO E TRINTA E SEIS | E1084: TR11 | F1084: 445.35992 | G1084: K24 | H1084: 15 | I1084: 187084
B1085: 46296 | C1085: Independência 3 Complemento | D1085: CENTO E TRINTA E SEIS | E1085: TR11 | F1085: 445.36275 | G1085: K24 | H1085: 16 | I1085: 187085
B1086: 46296 | C1086: Independência 3 Complemento | D1086: CENTO E TRINTA E SEIS | E1086: TR11 | F1086: 445.36279 | G1086: K24 | H1086: 17 | I1086: 187086
B1087: 46296 | C1087: Independência 3 Complemento | D1087: CENTO E TRINTA E SEIS | E1087: TR11 | F1087: 517.00916 | G1087: K03 | H1087: 16 | I1087: 186056
... B2125: 46303 | C2125: Boa Esperanca | D2125: CENTO E TRINTA E SEIS | E2125: TR04 | F2125: 641.33327 | G2125: 16 | H2125: 1 | I2125: 92179
B2126: 46303 | C2126: Boa Esperanca | D2126: CENTO E TRINTA E SEIS | E2126: TR04 | F2126: 2861.2803 | I2126: 0
B2127: 46303 | C2127: Boa Esperanca | D2127: CENTO E TRINTA E SEIS | E2127: TR07 | F2127: 564.76795 | G2127: 49 | H2127: 12 | I2127: 78493
B2128: 46303 | C2128: Boa Esperanca | D2128: CENTO E TRINTA E SEIS | E2128: TR07 | F2128: 513.02221 | G2128: 49 | H2128: 13 | I2128: 78494
B2129: 46303 | C2129: Boa Esperanca | D2129: CENTO E TRINTA E SEIS | E2129: TR07 | F2129: 555.55965 | G2129: 49 | H2129: 14 | I2129: 78495
B2130: 46303 | C2130: Boa Esperanca | D2130: CENTO E TRINTA E SEIS | E2130: TR07 | F2130: 766.11386 | G2130: 13 | H2130: 12 | I2130: 91879
B2131: 46303 | C2131: Vale do Sol - Gleba 2 | D2131: CENTO E TRINTA E SEIS | E2131: TR12 | F2131: 2656.9763 | G2131: APM | H2131: APM-3 | I2131: 0
B2132: 46303 | C2132: Vale do Sol - Gleba 2 | D2132: CENTO E TRINTA E SEIS | E2132: TR12 | F2132: 363.20556 | G2132: 44 | H2132: 21 | I2132: 150678
B2133: 46303 | C2133: Vale do Sol - Gleba 2 | D2133: CENTO E TRINTA E SEIS | E2133: TR12 | F2133: 366.80975 | G2133: 44 | H2133: 23 | I2133: 150680
B2134: 46303 | C2134: Vale do Sol - Gleba 2 | D2134: CENTO E TRINTA E SEIS | E2134: TR12 | F2134: 367.13273 | G2134: 44 | H2134: 24 | I2134: 150681
B2135: 46303 | C2135: Vale do Sol - Gleba 2 | D2135: CENTO E TRINTA E SEIS | E2135: TR12 | F2135: 3947.2221 | G2135: APM | H2135: APM-4 | I2135: 0
B2136: 46303 | C2136: Vale do Sol - Gleba 2 | D2136: CENTO E TRINTA E SEIS | E2136: TR12 | F2136: 584.23153 | G2136: 52 | H2136: 5 | I2136: 150141
B2137: 46303 | C2137: Vale do Sol - Gleba 2 | D2137: CENTO E TRINTA E SEIS | E2137: TR12 | F2137: 362.10578 | G2137: 53 | H2137: 31 | I2137: 150214
B2138: 46303 | C2138: Vale do Sol - Gleba 2 | D2138: CENTO E TRINTA E SEIS | E2138: TR12 | F2138: 362.10708 | G2138: 53 | H2138: 32 | I2138: 150215
... B2263: 46304 | C2263: Tocantins | D2263: CENTO E TRINTA E SEIS | E2263: TR25 | F2263: 584.88441 | G2263: 3 | H2263: 15 | I2263: 141484
B2264: 46304 | C2264: Tocantins | D2264: CENTO E TRINTA E SEIS | E2264: TR25 | F2264: 917.10876 | H2264: APM-3 | I2264: 0
B2265: 46304 | C2265: Tocantins | D2265: CENTO E TRINTA E SEIS | E2265: TR25 | F2265: 1968.8425 | G2265: PRC | H2265: 1 | I2265: 141538
B2266: 46304 | C2266: Olimpico | D2266: CENTO E TRINTA E SEIS | E2266: TR25 | F2266: 2270.6542 | G2266: 00B | H2266: 4 | I2266: 140004
B2267: 46304 | C2267: Riviera Sul | D2267: CENTO E TRINTA E SEIS | E2267: TR04 | F2267: 800.66173 | G2267: 9 | H2267: 6 | I2267: 82634
B2268: 46304 | C2268: Riviera Sul | D2268: CENTO E TRINTA E SEIS | E2268: TR04 | F2268: 447.63289 | G2268: 9 | H2268: 7 | I2268: 82635
B2269: 46304 | C2269: Riviera Sul | D2269: CENTO E TRINTA E SEIS | E2269: TR04 | F2269: 458.31767 | G2269: 9 | H2269: 5 | I2269: 82633
B2270: 46304 | C2270: Jardim Miami | D2270: CENTO E TRINTA E SEIS | E2270: TR04 | F2270: 2578.1858 | G2270: 10 | H2270: 4 | I2270: 82614
B2271: 46304 | C2271: Riviera Sul | D2271: CENTO E TRINTA E SEIS | E2271: TR04 | F2271: 651.59384 | G2271: 9 | H2271: 1 | I2271: 82629
B2272: 46304 | C2272: Riviera Sul | D2272: CENTO E TRINTA E SEIS | E2272: TR04 | F2272: 440.59732 | G2272: 9 | H2272: 14 | I2272: 82642
B2273: 46304 | C2273: Riviera Sul | D2273: CENTO E TRINTA E SEIS | E2273: TR04 | F2273: 666.73286 | G2273: 9 | H2273: 8 | I2273: 82636
B2274: 46304 | C2274: Riviera Sul | D2274: CENTO E TRINTA E SEIS | E2274: TR04 | F2274: 395.23053 | G2274: 9 | H2274: 9 | I2274: 82637
B2275: 46304 | C2275: Boa Esperanca | D2275: CENTO E TRINTA E SEIS | E2275: TR04 | F2275: 907.86617 | G2275: 47 | H2275: 11 | I2275: 78354
B2276: 46304 | C2276: Papillon Park - Complemento | D2276: CENTO E TRINTA E SEIS | E2276: TR14 | F2276: 424.6805 | G2276: 51A | H2276: 14 | I2276: 114590
... B2536: 46309 | C2536: Veiga Jardim | D2536: CENTO E TRINTA E SEIS | E2536: TR14 | F2536: 424.93756 | G2536: 53 | H2536: 20 | I2536: 116661
B2537: 46309 | C2537: Veiga Jardim | D2537: CENTO E TRINTA E SEIS | E2537: TR14 | F2537: 3707.5626 | H2537: APM-14 | I2537: 0
B2538: 46309 | C2538: Veiga Jardim | D2538: CENTO E TRINTA E SEIS | E2538: TR14 | F2538: 617.71821 | G2538: 53 | H2538: 21 | I2538: 116662
B2539: 46309 | C2539: Veiga Jardim | D2539: CENTO E TRINTA E SEIS | E2539: TR14 | F2539: 577.6739 | G2539: 54 | H2539: 24 | I2539: 116502
B2540: 46309 | C2540: Veiga Jardim | D2540: CENTO E TRINTA E SEIS | E2540: TR14 | F2540: 435.3257 | G2540: 54 | H2540: 23 | I2540: 116501
B2541: 46309 | C2541: Veiga Jardim | D2541: CENTO E TRINTA E SEIS | E2541: TR14 | F2541: 3960.0962 | H2541: APM-15 | I2541: 0
...

Sheet TabelaRoçadaManual
A1: SERVIÇO | B1: DATA | C1: LOCAL | D1: TIPO DE EQUIPAMENTO | E1: UNIDADE | F1: QUANTIDADE | G1: OBSERVAÇÃO
A2: ROÇADA MANUAL | B2: 46259 | C2: Bela Vista Continuacao CENTO E TRINTA E SEIS | E2: m² | F2: 8132.1496
A3: ROÇADA MANUAL | B3: 46259 | C3: Cidade Satelite Sao Luiz CENTO E TRINTA E SEIS | E3: m² | F3: 1371.4003
A4: ROÇADA MANUAL | B4: 46259 | C4: Cidade Vera Cruz CENTO E TRINTA E SEIS | E4: m² | F4: 9930.4565
A5: ROÇADA MANUAL | B5: 46259 | C5: Mont Serrat CENTO E TRINTA E SEIS | E5: m² | F5: 157.43244
A6: ROÇADA MANUAL | B6: 46259 | C6: Mont Serrat CENTO E TRINTA E SEIS | E6: m² | F6: 789.91066
A7: ROÇADA MANUAL | B7: 46259 | C7: Garavelo CENTO E TRINTA E SEIS | E7: m² | F7: 17415.845
A8: ROÇADA MANUAL | B8: 46259 | C8: Helvecia CENTO E TRINTA E SEIS | E8: m² | F8: 1504.7659
A9: ROÇADA MANUAL | B9: 46259 | C9: Cidade Satelite Sao Luiz CENTO E TRINTA E SEIS | E9: m² | F9: 1035.2988
A10: ROÇADA MANUAL | B10: 46259 | C10: Cidade Satelite Sao Luiz CENTO E TRINTA E SEIS | E10: m² | F10: 1712.805
A11: ROÇADA MANUAL | B11: 46259 | C11: Garavelo CENTO E TRINTA E SEIS | E11: m² | F11: 403.14738
A12: ROÇADA MANUAL | B12: 46259 | C12: Garavelo CENTO E TRINTA E SEIS | E12: m² | F12: 16175.737
A13: ROÇADA MANUAL | B13: 46259 | C13: Nova Era CENTO E TRINTA E SEIS | E13: m² | F13: 381.10346
... A55: ROÇADA MANUAL | B55: 46260 | C55: Sitios Santa Luzia CENTO E TRINTA E SEIS | E55: m² | F55: 162.57187
A56: ROÇADA MANUAL | B56: 46260 | C56: Sitios Santa Luzia CENTO E TRINTA E SEIS | D56: TR29 | E56: m² | F56: 230.342
A57: ROÇADA MANUAL | B57: 46260 | C57: Sitios Santa Luzia CENTO E TRINTA E SEIS | D57: TR29 | E57: m² | F57: 7001.2647
A58: ROÇADA MANUAL | B58: 46260 | C58: Alzira CENTO E TRINTA E SEIS | E58: m² | F58: 481.68701
A59: ROÇADA MANUAL | B59: 46260 | C59: Alzira CENTO E TRINTA E SEIS | E59: m² | F59: 291.97383
A60: ROÇADA MANUAL | B60: 46260 | C60: Ibirapuera CENTO E TRINTA E SEIS | E60: m² | F60: 153.52647
A61: ROÇADA MANUAL | B61: 46260 | C61: Tiradentes CENTO E TRINTA E SEIS | E61: m² | F61: 216.92922
A62: ROÇADA MANUAL | B62: 46260 | C62: Independencia 1 Com. St. das Mansoes CENTO E TRINTA E SEIS | E62: m² | F62: 54.740091
A63: ROÇADA MANUAL | B63: 46260 | C63: Independencia 1 Com. St. das Mansoes CENTO E TRINTA E SEIS | E63: m² | F63: 440.00368
A64: ROÇADA MANUAL | B64: 46260 | C64: Jardins Lyon CENTO E TRINTA E SEIS | E64: m² | F64: 744.16026
A65: ROÇADA MANUAL | B65: 46260 | C65: Tiradentes CENTO E TRINTA E SEIS | E65: m² | F65: 278.09097
A66: ROÇADA MANUAL | B66: 46260 | C66: Tiradentes CENTO E TRINTA E SEIS | E66: m² | F66: 249.62448
A67: ROÇADA MANUAL | B67: 46260 | C67: Parque das Nacoes CENTO E TRINTA E SEIS | E67: m² | F67: 570.49392
A68: ROÇADA MANUAL | B68: 46260 | C68: Independencia 1 Com. St. das Mansoes CENTO E TRINTA E SEIS | E68: m² | F68: 500.91137
A69: ROÇADA MANUAL | B69: 46260 | C69: Florenca CENTO E TRINTA E SEIS | E69: m² | F69: 1868.7535
... A80: ROÇADA MANUAL | B80: 46260 | C80: Alzira CENTO E TRINTA E SEIS | E80: m² | F80: 422.25342
A81: ROÇADA MANUAL | B81: 46260 | C81: Sitios Santa Luzia CENTO E TRINTA E SEIS | D81: TR27 | E81: m² | F81: 6730.3404
A82: ROÇADA MANUAL | B82: 46260 | C82: Sitios Santa Luzia CENTO E TRINTA E SEIS | D82: TR27 | E82: m² | F82: 3700.3485
A83: ROÇADA MANUAL | B83: 46260 | C83: Sitios Santa Luzia CENTO E TRINTA E SEIS | D83: TR27 | E83: m² | F83: 3827.0609
A84: ROÇADA MANUAL | B84: 46260 | C84: Bela Vista CENTO E TRINTA E SEIS | D84: TR27 | E84: m² | F84: 2511.4998
A85: ROÇADA MANUAL | B85: 46260 | C85: Rosa dos Ventos CENTO E TRINTA E SEIS | E85: m² | F85: 621.67604
A86: ROÇADA MANUAL | B86: 46260 | C86: Rosa dos Ventos CENTO E TRINTA E SEIS | E86: m² | F86: 977.87846
A87: ROÇADA MANUAL | B87: 46260 | C87: Rosa dos Ventos CENTO E TRINTA E SEIS | E87: m² | F87: 501.78284
A88: ROÇADA MANUAL | B88: 46260 | C88: Rosa dos Ventos CENTO E TRINTA E SEIS | E88: m² | F88: 597.10019
A89: ROÇADA MANUAL | B89: 46260 | C89: Rosa dos Ventos CENTO E TRINTA E SEIS | E89: m² | F89: 508.77244
A90: ROÇADA MANUAL | B90: 46260 | C90: Rosa dos Ventos CENTO E TRINTA E SEIS | E90: m² | F90: 70.595471
A91: ROÇADA MANUAL | B91: 46260 | C91: Rosa dos Ventos CENTO E TRINTA E SEIS | E91: m² | F91: 81.333505
A92: ROÇADA MANUAL | B92: 46260 | C92: Rosa dos Ventos CENTO E TRINTA E SEIS | E92: m² | F92: 448.49754
A93: ROÇADA MANUAL | B93: 46260 | C93: Rosa dos Ventos CENTO E TRINTA E SEIS | E93: m² | F93: 1542.8069
A94: ROÇADA MANUAL | B94: 46260 | C94: Miramar CENTO E TRINTA E SEIS | E94: m² | F94: 1859.2443
A95: ROÇADA MANUAL | B95: 46260 | C95: Rosa dos Ventos CENTO E TRINTA E SEIS | E95: m² | F95: 1985.9853
A96: ROÇADA MANUAL | B96: 46260 | C96: Rosa dos Ventos CENTO E TRINTA E SEIS | E96: m² | F96: 1828.8098
... A113: ROÇADA MANUAL | B113: 46259 | C113: Independencia 1 Com. St. das Mansoes CENTO E TRINTA E SEIS | E113: m² | F113: 314.67171
A114: ROÇADA MANUAL | B114: 46281 | C114: dos Buritis CENTO E TRINTA E SEIS | D114: TR15 | E114: m² | F114: 2291.2155
A115: ROÇADA MANUAL | B115: 46259 | C115: dos Buritis CENTO E TRINTA E SEIS | E115: m² | F115: 425.53001
A116: ROÇADA MANUAL | B116: 46259 | C116: Primavera CENTO E TRINTA E SEIS | E116: m² | F116: 756.50521
A117: ROÇADA MANUAL | B117: 46259 | C117: dos Buritis CENTO E TRINTA E SEIS | E117: m² | F117: 37.539438
A118: ROÇADA MANUAL | B118: 46281 | C118: dos Buritis CENTO E TRINTA E SEIS | D118: TR15 | E118: m² | F118: 3213.7472
A119: ROÇADA MANUAL | B119: 46259 | C119: dos Buritis CENTO E TRINTA E SEIS | E119: m² | F119: 1589.6685
A120: ROÇADA MANUAL | B120: 46281 | C120: dos Buritis CENTO E TRINTA E SEIS | D120: TR15 | E120: m² | F120: 7014.6052
A121: ROÇADA MANUAL | B121: 46281 | C121: dos Buritis CENTO E TRINTA E SEIS | D121: TR15 | E121: m² | F121: 2800.7056
A122: ROÇADA MANUAL | B122: 46281 | C122: dos Buritis CENTO E TRINTA E SEIS | D122: TR15 | E122: m² | F122: 442.86599
A123: ROÇADA MANUAL | B123: 46281 | C123: dos Buritis CENTO E TRINTA E SEIS | D123: TR15 | E123: m² | F123: 149.10835
A124: ROÇADA MANUAL | B124: 46259 | C124: Recanto do Cerrado CENTO E TRINTA E SEIS | E124: m² | F124: 3633.6187
A125: ROÇADA MANUAL | B125: 46259 | C125: Alzira CENTO E TRINTA E SEIS | E125: m² | F125: 422.70418
A126: ROÇADA MANUAL | B126: 46259 | C126: Alzira CENTO E TRINTA E SEIS | E126: m² | F126: 698.53217
A127: ROÇADA MANUAL | B127: 46259 | C127: Alzira CENTO E TRINTA E SEIS | E127: m² | F127: 576.46146
A128: ROÇADA MANUAL | B128: 46259 | C128: Primavera CENTO E TRINTA E SEIS | E128: m² | F128: 240.44541
A129: ROÇADA MANUAL | B129: 46259 | C129: Primavera CENTO E TRINTA E SEIS | E129: m² | F129: 833.87603
A130: ROÇADA MANUAL | B130: 46261 | C130: Ilda CENTO E TRINTA E SEIS | E130: m² | F130: 2257.7762
A131: ROÇADA MANUAL | B131: 46261 | C131: Santa Cecilia CENTO E TRINTA E SEIS | E131: m² | F131: 556.43
A132: ROÇADA MANUAL | B132: 46261 | C132: Parque das Nacoes CENTO E TRINTA E SEIS | E132: m² | F132: 725.74818
A133: ROÇADA MANUAL | B133: 46261 | C133: Alto Paraiso CENTO E TRINTA E SEIS | E133: m² | F133: 221.84682
A134: ROÇADA MANUAL | B134: 46261 | C134: Alto Paraiso CENTO E TRINTA E SEIS | E134: m² | F134: 306.39616
A135: ROÇADA MANUAL | B135: 46261 | C135: Jardins Lyon CENTO E TRINTA E SEIS | E135: m² | F135: 1668.8353
... A445: ROÇADA MANUAL | B445: 46267 | C445: Cidade Vera Cruz CENTO E TRINTA E SEIS | E445: m² | F445: 1046.1037
A446: ROÇADA MANUAL | B446: 46267 | C446: Cidade Vera Cruz CENTO E TRINTA E SEIS | D446: TR20 | E446: m² | F446: 4448.6805
A447: ROÇADA MANUAL | B447: 46267 | C447: Cidade Vera Cruz CENTO E TRINTA E SEIS | D447: TR20 | E447: m² | F447: 2579.8308
A448: ROÇADA MANUAL | B448: 46267 | C448: Cidade Vera Cruz CENTO E TRINTA E SEIS | E448: m² | F448: 1738.2523
A449: ROÇADA MANUAL | B449: 46267 | C449: Cidade Vera Cruz CENTO E TRINTA E SEIS | E449: m² | F449: 4442.7599
A450: ROÇADA MANUAL | B450: 46267 | C450: Cidade Vera Cruz CENTO E TRINTA E SEIS | E450: m² | F450: 4210.36
A451: ROÇADA MANUAL | B451: 46267 | C451: Cidade Vera Cruz CENTO E TRINTA E SEIS | E451: m² | F451: 1688.2146
A452: ROÇADA MANUAL | B452: 46267 | C452: Araguaia CENTO E TRINTA E SEIS | E452: m² | F452: 1188.9497
A453: ROÇADA MANUAL | B453: 46267 | C453: Araguaia CENTO E TRINTA E SEIS | E453: m² | F453: 1563.11
A454: ROÇADA MANUAL | B454: 46267 | C454: Araguaia CENTO E TRINTA E SEIS | E454: m² | F454: 4354.1063
A455: ROÇADA MANUAL | B455: 46267 | C455: Araguaia CENTO E TRINTA E SEIS | E455: m² | F455: 581.8935
A456: ROÇADA MANUAL | B456: 46267 | C456: Cidade Vera Cruz CENTO E TRINTA E SEIS | E456: m² | F456: 13503.558
A457: ROÇADA MANUAL | B457: 46267 | C457: Oliveira CENTO E TRINTA E SEIS | E457: m² | F457: 291.35007
A458: ROÇADA MANUAL | B458: 46267 | C458: Oliveira CENTO E TRINTA E SEIS | E458: m² | F458: 495.77722
A459: ROÇADA MANUAL | B459: 46267 | C459: Oliveira CENTO E TRINTA E SEIS | E459: m² | F459: 259.60744
... A485: ROÇADA MANUAL | B485: 46267 | C485: Nova Era Acrescimo CENTO E TRINTA E SEIS | E485: m² | F485: 388.71802
A486: ROÇADA MANUAL | B486: 46267 | C486: Distrito Agroindustrial Noberto Teixeira CENTO E TRINTA E SEIS | D486: TR04 | E486: m² | F486: 4368.5
A487: ROÇADA MANUAL | B487: 46267 | C487: Distrito Agroindustrial Noberto Teixeira CENTO E TRINTA E SEIS | D487: TR04 | E487: m² | F487: 1943.0531
A488: ROÇADA MANUAL | B488: 46268 | C488: Olimpico CENTO E TRINTA E SEIS | E488: m² | F488: 119.90977
A489: ROÇADA MANUAL | B489: 46268 | C489: Olimpico CENTO E TRINTA E SEIS | E489: m² | F489: 119.04458
A490: ROÇADA MANUAL | B490: 46268 | C490: Olimpico CENTO E TRINTA E SEIS | E490: m² | F490: 152.8551
A491: ROÇADA MANUAL | B491: 46268 | C491: Luz CENTO E TRINTA E SEIS | E491: m² | F491: 397.81916
A492: ROÇADA MANUAL | B492: 46267 | C492: Mansoes Paraiso CENTO E TRINTA E SEIS | E492: m² | F492: 1431.0989
A493: ROÇADA MANUAL | B493: 46268 | C493: Trindade CENTO E TRINTA E SEIS | E493: m² | F493: 606.50369
A494: ROÇADA MANUAL | B494: 46268 | C494: Mansoes Paraiso CENTO E TRINTA E SEIS | E494: m² | F494: 1064.0618
A495: ROÇADA MANUAL | B495: 46268 | C495: Oliveira CENTO E TRINTA E SEIS | E495: m² | F495: 3053.8124
A496: ROÇADA MANUAL | B496: 46268 | C496: Agenor Modesto CENTO E TRINTA E SEIS | E496: m² | F496: 142.57856
A497: ROÇADA MANUAL | B497: 46268 | C497: Itatiaia CENTO E TRINTA E SEIS | E497: m² | F497: 331.27062
A498: ROÇADA MANUAL | B498: 46268 | C498: Mansoes Paraiso CENTO E TRINTA E SEIS | E498: m² | F498: 431.004
A499: ROÇADA MANUAL | B499: 46268 | C499: Ilda CENTO E TRINTA E SEIS | E499: m² | F499: 5089.5905
... A660: ROÇADA MANUAL | B660: 46273 | C660: Tropical CENTO E TRINTA E SEIS | E660: m² | F660: 1830.7802
A661: ROÇADA MANUAL | B661: 46273 | C661: Sitios Santa Luzia CENTO E TRINTA E SEIS | D661: TR12 | E661: m² | F661: 14675.668
...

Sheet ROÇADA MANUAL
C2: OBJETO: Contratação de empresa especializada para a prestação de “Serviços de limpeza pública urbana do município de Aparecida de Goiânia, Estado de Goiás, compreendendo os serviços de coleta domiciliar e comercial, varrição mecanizada, varrição manual, e equipe de serviços diversos de remoção de entulhos e materiais inservíveis, capina e raspagem”
C3: CONCORRÊNCIA PÚBLICA TIPO: | D3: MENOR PREÇO N° 012/2023
C4: CONTRATO: | D4: =#REF! -> #REF!
C5: DATA: | D5: =#REF! -> #REF!
C6: CONTRATADA: CONSORCIO SQ APARECIDA SUSTENTÁVEL - CNPJ.: 56.309.119/0001-03
C7: PERÍODO: | D7: =#REF! -> #REF!
B9: =#REF! -> #REF!
B11: EXECUTADO
B12: DATA | C12: SETOR | D12: RUA | E12: EQUIPAMENTO | F12: ÁREA (M²)
B13: 46290 | C13: Helvecia | D13: CENTO E TRINTA E SEIS | F13: 1286.2346
B14: 46290 | C14: Cardoso | D14: CENTO E TRINTA E SEIS | F14: 1113.9496
B15: 46290 | C15: Bandeirantes | D15: CENTO E TRINTA E SEIS | F15: 624.51004
B16: 46290 | C16: Helvecia | D16: CENTO E TRINTA E SEIS | F16: 388.39069
B17: 46290 | C17: Helvecia | D17: CENTO E TRINTA E SEIS | F17: 500.20095
B18: 46290 | C18: Helvecia | D18: CENTO E TRINTA E SEIS | F18: 281.41975
B19: 46290 | C19: Helvecia | D19: CENTO E TRINTA E SEIS | F19: 520.27198
B20: 46290 | C20: Helvecia | D20: CENTO E TRINTA E SEIS | F20: 270.15799
B21: 46290 | C21: Helvecia | D21: CENTO E TRINTA E SEIS | F21: 204.27657
B22: 46290 | C22: Helvecia | D22: CENTO E TRINTA E SEIS | F22: 583.89725
B23: 46290 | C23: Helvecia | D23: CENTO E TRINTA E SEIS | F23: 747.16367
B24: 46290 | C24: Helvecia | D24: CENTO E TRINTA E SEIS | F24: 742.84295
... B126: 46293 | C126: Cidade Vera Cruz | D126: CENTO E TRINTA E SEIS | F126: 3291.5536
B127: 46293 | C127: Helvecia | D127: CENTO E TRINTA E SEIS | E127: TR11 | F127: 1209.3523
B128: 46293 | C128: Polo Empresarial Goias - Etapa VII | D128: CENTO E TRINTA E SEIS | E128: TR11 | F128: 482.39835
B129: 46293 | C129: Polo Empresarial Goias - Etapa VI | D129: CENTO E TRINTA E SEIS | E129: TR11 | F129: 498.76034
B130: 46293 | C130: Polo Empresarial Goias - Etapa XIV | D130: CENTO E TRINTA E SEIS | E130: TR11 | F130: 670.29622
B131: 46293 | C131: Polo Empresarial Goias - Etapa VI | D131: CENTO E TRINTA E SEIS | E131: TR11 | F131: 9380.9415
B132: 46293 | C132: Polo Empresarial Goias - Etapa XIV | D132: CENTO E TRINTA E SEIS | E132: TR11 | F132: 1435.3399
B133: 46293 | C133: Polo Empresarial Goias - Etapa IV | D133: CENTO E TRINTA E SEIS | E133: TR11 | F133: 540.65028
B134: 46293 | C134: Polo Empresarial Goias - Etapa IV | D134: CENTO E TRINTA E SEIS | E134: TR11 | F134: 1200.5821
B135: 46293 | C135: Polo Empresarial Goias - Etapa VI | D135: CENTO E TRINTA E SEIS | E135: TR11 | F135: 2403.8111
B136: 46294 | C136: Eldorado | D136: CENTO E TRINTA E SEIS | F136: 3830.0074
B137: 46294 | C137: Santo Antonio - Conjunto Habitacional Progresso | D137: CENTO E TRINTA E SEIS | F137: 1808.8925
B138: 46294 | C138: das Esmeralda | D138: CENTO E TRINTA E SEIS | F138: 228.08688
B139: 46294 | C139: Brasília Acréscimo | D139: CENTO E TRINTA E SEIS | F139: 834.80449
B140: 46294 | C140: Brasília Acréscimo | D140: CENTO E TRINTA E SEIS | F140: 659.52893
B141: 46294 | C141: Santo Antonio | D141: CENTO E TRINTA E SEIS | F141: 1014.5442
B142: 46294 | C142: Santo Antonio - Conjunto Habitacional Progresso | D142: CENTO E TRINTA E SEIS | F142: 1731.5993
B143: 46294 | C143: Santo Antonio - Conjunto Habitacional Progresso | D143: CENTO E TRINTA E SEIS | F143: 1734.5286
B144: 46294 | C144: Ilda | D144: CENTO E TRINTA E SEIS | F144: 973.76658
B145: 46294 | C145: Veiga Jardim | D145: CENTO E TRINTA E SEIS | F145: 374.00183
B146: 46294 | C146: Veiga Jardim | D146: CENTO E TRINTA E SEIS | F146: 465.42217
B147: 46294 | C147: Cristalino | D147: CENTO E TRINTA E SEIS | F147: 240.63141
... B203: 46294 | C203: Boa Esperanca Continuacao | D203: CENTO E TRINTA E SEIS | F203: 579.06916
B204: 46294 | C204: Polo Empresarial Goias - Etapa VII | D204: CENTO E TRINTA E SEIS | E204: TR11 | F204: 2658.767
B205: 46294 | C205: Polo Empresarial Goias - Etapa III | D205: CENTO E TRINTA E SEIS | E205: TR11 | F205: 453.24832
B206: 46294 | C206: Polo Empresarial Goias - Etapa IV | D206: CENTO E TRINTA E SEIS | E206: TR11 | F206: 1301.7776
B207: 46294 | C207: Polo Empresarial Goias - Etapa VIII | D207: CENTO E TRINTA E SEIS | E207: TR11 | F207: 1160.3449
B208: 46294 | C208: Polo Empresarial Goias - Etapa VIII | D208: CENTO E TRINTA E SEIS | E208: TR11 | F208: 6866.6234
B209: 46290 | C209: Mont Serrat | D209: CENTO E TRINTA E SEIS | F209: 1203.4464
B210: 46290 | C210: Mont Serrat | D210: CENTO E TRINTA E SEIS | F210: 1693.9779
B211: 46293 | C211: Mont Serrat | D211: CENTO E TRINTA E SEIS | F211: 3740.688
B212: 46293 | C212: Alzira | D212: CENTO E TRINTA E SEIS | F212: 1829.2218
B213: 46293 | C213: Alzira | D213: CENTO E TRINTA E SEIS | F213: 1162.8295
B214: 46293 | C214: Alzira | D214: CENTO E TRINTA E SEIS | F214: 1101.4774
B215: 46293 | C215: Primavera | D215: CENTO E TRINTA E SEIS | F215: 1099.3768
B216: 46293 | C216: Primavera | D216: CENTO E TRINTA E SEIS | F216: 1308.6076
B217: 46293 | C217: Primavera | D217: CENTO E TRINTA E SEIS | F217: 2711.0605
B218: 46293 | C218: Alzira | D218: CENTO E TRINTA E SEIS | F218: 1213.9744
B219: 46293 | C219: Alzira | D219: CENTO E TRINTA E SEIS | F219: 531.14221
B220: 46293 | C220: Alzira | D220: CENTO E TRINTA E SEIS | F220: 405.88184
... B261: 46295 | C261: Cidade Vera Cruz | D261: CENTO E TRINTA E SEIS | F261: 398.33773
B262: 46315 | C262: Cidade Vera Cruz | D262: CENTO E TRINTA E SEIS | E262: FISC. SEBASTIÃO | F262: 174.64855
B263: 46295 | C263: Cidade Vera Cruz | D263: CENTO E TRINTA E SEIS | F263: 769.83833
B264: 46315 | C264: Cidade Vera Cruz | D264: CENTO E TRINTA E SEIS | E264: FISC. SEBASTIÃO | F264: 459.76953
B265: 46295 | C265: Cidade Vera Cruz | D265: CENTO E TRINTA E SEIS | F265: 958.58017
B266: 46295 | C266: Cidade Vera Cruz | D266: CENTO E TRINTA E SEIS | F266: 88.020333
B267: 46295 | C267: Cidade Vera Cruz | D267: CENTO E TRINTA E SEIS | F267: 596.27132
B268: 46295 | C268: Cidade Vera Cruz | D268: CENTO E TRINTA E SEIS | F268: 961.39412
B269: 46295 | C269: Cidade Vera Cruz | D269: CENTO E TRINTA E SEIS | F269: 1051.9735
B270: 46295 | C270: Cidade Vera Cruz | D270: CENTO E TRINTA E SEIS | F270: 612.82929
B271: 46295 | C271: Cidade Vera Cruz | D271: CENTO E TRINTA E SEIS | F271: 648.97865
B272: 46295 | C272: Cidade Vera Cruz | D272: CENTO E TRINTA E SEIS | F272: 681.98275
B273: 46295 | C273: Cidade Vera Cruz | D273: CENTO E TRINTA E SEIS | F273: 614.92836
B274: 46295 | C274: Cidade Vera Cruz | D274: CENTO E TRINTA E SEIS | F274: 77.5037
B275: 46295 | C275: Cidade Vera Cruz | D275: CENTO E TRINTA E SEIS | F275: 536.544
B276: 46295 | C276: Cidade Vera Cruz | D276: CENTO E TRINTA E SEIS | F276: 1123.0853
... B336: 46295 | C336: Maria | D336: CENTO E TRINTA E SEIS | F336: 1362.31
B337: 46295 | C337: Polo Empresarial Goias - Etapa III | D337: CENTO E TRINTA E SEIS | E337: TR11 | F337: 7408.8318
B338: 46295 | C338: Polo Empresarial Goias - Etapa III | D338: CENTO E TRINTA E SEIS | E338: TR11 | F338: 1233.1112
B339: 46295 | C339: Polo Empresarial Goias - Etapa VIII | D339: CENTO E TRINTA E SEIS | E339: TR11 | F339: 1721.1125
B340: 46295 | C340: Polo Empresarial Goias - Etapa I | D340: CENTO E TRINTA E SEIS | E340: TR11 | F340: 5592.5941
B341: 46295 | C341: Polo Empresarial Goias - Etapa IX | D341: CENTO E TRINTA E SEIS | E341: TR11 | F341: 2602.5462
B342: 46296 | C342: Real de Goiania | D342: CENTO E TRINTA E SEIS | E342: FISC. VAGNELSON | F342: 235.74668
B343: 46296 | C343: Boa Esperanca Continuacao | D343: CENTO E TRINTA E SEIS | E343: FISC. CLEBER | F343: 1644.3002
B344: 46296 | C344: Boa Esperanca | D344: CENTO E TRINTA E SEIS | E344: FISC. CLEBER | F344: 2540.413
B345: 46296 | C345: Helvecia | D345: CENTO E TRINTA E SEIS | E345: FISC. JEAN | F345: 1404.8461
B346: 46296 | C346: Brasilia Continuacao | D346: CENTO E TRINTA E SEIS | E346: SANTOS | F346: 93.593452
B347: 46296 | C347: Brasilia Continuacao | D347: CENTO E TRINTA E SEIS | E347: SANTOS | F347: 216.50862
B348: 46296 | C348: Colonial Sul | D348: CENTO E TRINTA E SEIS | E348: FISC. ISRAEL | F348: 113.15642
... B369: 46296 | C369: Brasilia Continuacao | D369: CENTO E TRINTA E SEIS | E369: SANTOS | F369: 785.74866
B370: 46296 | C370: Brasilia Continuacao | D370: CENTO E TRINTA E SEIS | F370: 1354.6951
B371: 46296 | C371: Santo Antonio - Acrescimo | D371: CENTO E TRINTA E SEIS | F371: 279.24704
B372: 46296 | C372: Brasilia Continuacao | D372: CENTO E TRINTA E SEIS | F372: 718.90875
B373: 46296 | C373: Trindade II | D373: CENTO E TRINTA E SEIS | E373: FISC. SAMUEL | F373: 444.55793
B374: 46296 | C374: Trindade | D374: CENTO E TRINTA E SEIS | E374: FISC. SAMUEL | F374: 240.36544
B375: 46296 | C375: Trindade | D375: CENTO E TRINTA E SEIS | E375: FISC. SAMUEL | F375: 1624.1724
B376: 46296 | C376: Trindade | D376: CENTO E TRINTA E SEIS | E376: FISC. SAMUEL | F376: 76.453153
B377: 46296 | C377: Trindade | D377: CENTO E TRINTA E SEIS | E377: FISC. SAMUEL | F377: 317.36272
B378: 46296 | C378: Trindade | D378: CENTO E TRINTA E SEIS | E378: FISC. SAMUEL | F378: 539.20204
...

Sheet TabelaEntulho
A1: SERVIÇO | B1: DATA | C1: LOCAL | D1: TIPO DE EQUIPAMENTO | E1: UNIDADE | F1: QUANTIDADE | G1: OBSERVAÇÃO
A2: Entulho/Remoção | B2: 46259 | C2: Jardim Maranata Rua Canaã 1 | D2: CAÇAMBA | E2: EQUIPE
A3: Entulho/Remoção | B3: 46259 | C3: Rua J-64 Mansões Paraíso Lt.13 | D3: CAÇAMBA | E3: EQUIPE
A4: Entulho/Remoção | B4: 46259 | C4: Jardim Tropical Rua 107 42 | D4: CAÇAMBA | E4: EQUIPE
A5: Entulho/Remoção | B5: 46259 | C5: Conj. Bela Morada Rua Ceiça 647 | D5: CAÇAMBA | E5: EQUIPE
A6: Entulho/Remoção | B6: 46259 | C6: Jardim Luz Rua Paulista 1 | D6: CAÇAMBA | E6: EQUIPE
A7: Entulho/Remoção | B7: 46259 | C7: Vila Delfiori Av. Cristus 555 | D7: CAÇAMBA | E7: EQUIPE
A8: Entulho/Remoção | B8: 46259 | C8: Mansões Paraíso Av. V-8 Qd.18 Lt.3 | D8: CAÇAMBA | E8: EQUIPE
A9: Entulho/Remoção | B9: 46259 | C9: Mansões Paraíso Rua J-17 18 | D9: CAÇAMBA | E9: EQUIPE
A10: Entulho/Remoção | B10: 46259 | C10: Jardim Luz Rua Damasco 14 | D10: CAÇAMBA | E10: EQUIPE
A11: Entulho/Remoção | B11: 46259 | C11: Jardim Tropical Praça Da Igualdade Qd.106 | D11: CAÇAMBA | E11: EQUIPE
A12: Entulho/Remoção | B12: 46259 | C12: Jardim Alto Paraíso Rua São Bernardo 179 | D12: CAÇAMBA | E12: EQUIPE
A13: Entulho/Remoção | B13: 46259 | C13: Cidade Vera Cruz Rua H-161 1621 | D13: CAÇAMBA | E13: EQUIPE
... A175: Entulho/Remoção | B175: 46281 | C175: Cidade Satelite São Luiz Rua João Teixeira Alves 129 | D175: CAÇAMBA | E175: EQUIPE
A176: Entulho/Remoção | B176: 46281 | D176: CAÇAMBA | E176: EQUIPE
A177: Entulho/Remoção | B177: 46281 | D177: CAÇAMBA | E177: EQUIPE
A178: Entulho/Remoção | B178: 46281 | D178: CAÇAMBA | E178: EQUIPE
A179: Entulho/Remoção | B179: 46281 | D179: CAÇAMBA | E179: EQUIPE
A180: Entulho/Remoção | B180: 46281 | D180: CAÇAMBA | E180: EQUIPE
A181: Entulho/Remoção | B181: 46281 | D181: CAÇAMBA | E181: EQUIPE
A182: Entulho/Remoção | B182: 46281 | D182: CAÇAMBA | E182: EQUIPE
A183: Entulho/Remoção | B183: 46281 | D183: CAÇAMBA | E183: EQUIPE
A184: Entulho/Remoção | B184: 46281 | D184: CAÇAMBA | E184: EQUIPE
A185: Entulho/Remoção | B185: 46281 | D185: CAÇAMBA | E185: EQUIPE
A186: Entulho/Remoção | B186: 46281 | D186: CAÇAMBA | E186: EQUIPE

Sheet REMOÇÃO_ENTULHO
D2: OBJETO: Contratação de empresa especializada para a prestação de “Serviços de limpeza pública urbana do município de Aparecida de Goiânia, Estado de Goiás, compreendendo os serviços de coleta domiciliar e comercial, varrição mecanizada, varrição manual, e equipe de serviços diversos de remoção de entulhos e materiais inservíveis, capina e raspagem”
D3: CONCORRÊNCIA PÚBLICA TIPO: | E3: MENOR PREÇO N° 012/2023
D4: CONTRATO: | E4: =#REF! -> #REF!
D5: DATA: | E5: =#REF! -> #REF!
D6: CONTRATADA: CONSORCIO SQ APARECIDA SUSTENTÁVEL - CNPJ.: 56.309.119/0001-03
D7: PERÍODO: | E7: =#REF! -> #REF!
B9: =#REF! -> #REF!
B11: DIAS X LOCAL X TURNO
B12: Dia | C12: Setor | D12: Avenida / Rua | E12: Complemento | F12: SERVIÇO | I12: EQUIPE | J12: GLOSA
B13: 46290 | C13: Colina Azul | D13: Rua Cardeal | E13: 679 | F13: Entulho/Remoção | H13: 46198 | I13: 8 | J13: =IF(ISBLANK(I13),"",7-I13) -> -1
B14: 46290 | C14: Conj. Cruzeiro Do Sul | D14: Rua Dos Limoeiros | E14: 13 | F14: Entulho/Remoção | H14: =H13+1 -> 46199 | I14: 8 | J14: =IF(ISBLANK(I14),"",7-I14) -> -1
B15: 46290 | C15: Jardim Dom Bosco | D15: Rua Domingos Povoa Borges | E15: 376 | F15: Entulho/Remoção | H15: =H14+1 -> 46200 | J15: =IF(ISBLANK(I15),"",7-I15)
B16: 46290 | C16: Nova Brasilia | D16: Av. Graça Aranha | E16: Qd.26 Lt.03 | F16: Entulho/Remoção | H16: =H15+1 -> 46201 | J16: =IF(ISBLANK(I16),"",7-I16)
B17: 46290 | C17: Cidade Satelite São Luiz | D17: Rua Gilberto Freire | E17: 152 | F17: Entulho/Remoção | H17: =H16+1 -> 46202 | I17: =8-0.43 -> 7.57 | J17: =IF(ISBLANK(I17),"",7-I17) -> -0.57
B18: 46290 | C18: Jardim Dom Bosco | D18: Rua Valter De Jesus | E18: 183 | F18: Entulho/Remoção | H18: =H17+1 -> 46203 | I18: =8-0.43 -> 7.57 | J18: =IF(ISBLANK(I18),"",7-I18) -> -0.57
B19: 46290 | C19: Jardim Boa Esperança | D19: Rua C9 | E19: 1750 | F19: Entulho/Remoção | H19: =H18+1 -> 46204 | I19: =8-0.43 -> 7.57 | J19: =IF(ISBLANK(I19),"",7-I19) -> -0.57
B20: 46290 | C20: Colina Azul | D20: Av. Flamingo | E20: 156-184 | F20: Entulho/Remoção | H20: =H19+1 -> 46205 | I20: =8-0.43 -> 7.57 | J20: =IF(ISBLANK(I20),"",7-I20) -> -0.57
B21: 46293 | C21: Cidade Satelite São Luiz | D21: Rua Alfonsus Guimarães | E21: 1 | F21: Entulho/Remoção | H21: =H20+1 -> 46206 | I21: =8-0.43 -> 7.57 | J21: =IF(ISBLANK(I21),"",7-I21) -> -0.57
B22: 46293 | C22: Residencial Campos Eliseos | D22: Rua Bastilha | E22: 164 | F22: Entulho/Remoção | H22: =H21+1 -> 46207 | J22: =IF(ISBLANK(I22),"",7-I22)
B23: 46293 | C23: Jardim Cristal | D23: Rua Guaporé | E23: 12000 | F23: Entulho/Remoção | H23: =H22+1 -> 46208 | J23: =IF(ISBLANK(I23),"",7-I23)
B24: 46293 | C24: Setor Fabrício | D24: Rua Ônix | E24: 380 | F24: Entulho/Remoção | H24: =H23+1 -> 46209 | I24: =8-0.43 -> 7.57 | J24: =IF(ISBLANK(I24),"",7-I24) -> -0.57
B25: 46293 | C25: Cidade Satelite São Luiz | D25: Av. Zoroastro Artiaga | E25: 207 | F25: Entulho/Remoção | H25: =H24+1 -> 46210 | I25: =8-0.43 -> 7.57 | J25: =IF(ISBLANK(I25),"",7-I25) -> -0.57
B26: 46293 | C26: Comendador Walmor | D26: Rua Anapolina | E26: 325 | F26: Entulho/Remoção | H26: =H25+1 -> 46211 | I26: =8-0.43 -> 7.57 | J26: =IF(ISBLANK(I26),"",7-I26) -> -0.57
B27: 46293 | C27: Jardim Dom Bosco | D27: Rua Domingos Povoa Borges | E27: 480 | F27: Entulho/Remoção | H27: =H26+1 -> 46212 | I27: =8-0.43 -> 7.57 | J27: =IF(ISBLANK(I27),"",7-I27) -> -0.57
B28: 46293 | C28: Setor Fabrício | D28: Rua Ouro | E28: Qd.35 Lt.9 | F28: Entulho/Remoção | H28: =H27+1 -> 46213 | I28: =8-0.43 -> 7.57 | J28: =IF(ISBLANK(I28),"",7-I28) -> -0.57
B29: 46293 | C29: Jardim Dom Bosco | D29: Rua Vírgulino F. De Morais | E29: 21 | F29: Entulho/Remoção | H29: =H28+1 -> 46214 | J29: =IF(ISBLANK(I29),"",7-I29)
B30: 46293 | C30: Jardim Dom Bosco | D30: Av. Dr. Epitacio Saraiva Da Cruz | E30: 1108 | F30: Entulho/Remoção | H30: =H29+1 -> 46215 | J30: =IF(ISBLANK(I30),"",7-I30)
B31: 46293 | C31: Conj. Bela Morada | D31: Rua Milene | E31: 6 | F31: Entulho/Remoção | H31: =H30+1 -> 46216 | I31: =8-0.43 -> 7.57 | J31: =IF(ISBLANK(I31),"",7-I31) -> -0.57
B32: 46293 | C32: Cidade Satelite São Luiz | D32: Rua L-11 | F32: Entulho/Remoção | H32: =H31+1 -> 46217 | I32: =8-0.43 -> 7.57 | J32: =IF(ISBLANK(I32),"",7-I32) -> -0.57
B33: 46293 | C33: Jardim Dom Bosco | D33: Av. Rosalia Povoa | E33: 3 | F33: Entulho/Remoção | H33: =H32+1 -> 46218 | I33: =8-0.43 -> 7.57 | J33: =IF(ISBLANK(I33),"",7-I33) -> -0.57
B34: 46293 | C34: Conj. Bela Morada | D34: Rua Adelia | E34: 2 | F34: Entulho/Remoção | H34: =H33+1 -> 46219 | I34: =8-0.43 -> 7.57 | J34: =IF(ISBLANK(I34),"",7-I34) -> -0.57
B35: 46293 | C35: Residencial Campos Eliseos | D35: Rua Monte Carlo | E35: 123 | F35: Entulho/Remoção | H35: =H34+1 -> 46220 | I35: =8-0.43 -> 7.57 | J35: =IF(ISBLANK(I35),"",7-I35) -> -0.57
B36: 46293 | C36: Jardim Nova Era | D36: Rua Saldanha Marinho | E36: 1056 | F36: Entulho/Remoção | H36: =H35+1 -> 46221 | J36: =IF(ISBLANK(I36),"",7-I36)
B37: 46293 | C37: Jardim Nova Era | D37: Av. Monteiro Lobato | E37: 13 | F37: Entulho/Remoção | H37: =H36+1 -> 46222 | J37: =IF(ISBLANK(I37),"",7-I37)
B38: 46293 | C38: Comendador Walmor | D38: Rua Jaraguá | E38: 5 | F38: Entulho/Remoção | H38: =H37+1 -> 46223 | I38: 8 | J38: =IF(ISBLANK(I38),"",7-I38) -> -1
B39: 46294 | C39: Setor Fabrício | D39: Rua Ônix | E39: 380 | F39: Entulho/Remoção | H39: =H38+1 -> 46224 | I39: 8 | J39: =IF(ISBLANK(I39),"",7-I39) -> -1
B40: 46294 | C40: Jardim Nova Era | D40: Rua Felipe Camarão | E40: 1288 | F40: Entulho/Remoção | H40: =H39+1 -> 46225 | I40: 8 | J40: =IF(ISBLANK(I40),"",7-I40) -> -1
B41: 46294 | C41: Jardim Nova Era | D41: Av. Monteiro Lobato | E41: 13 | F41: Entulho/Remoção | H41: =H40+1 -> 46226 | I41: 8 | J41: =IF(ISBLANK(I41),"",7-I41) -> -1
B42: 46294 | C42: Jardim Dom Bosco | D42: Rua Cel. Manoel Saraiva | E42: 12 | F42: Entulho/Remoção | H42: =H41+1 -> 46227 | I42: 8 | J42: =IF(ISBLANK(I42),"",7-I42) -> -1
B43: 46294 | C43: Marista Sul | D43: Rua 6 | E43: Qd.4 | F43: Entulho/Remoção
B44: 46294 | C44: Jardim Dom Bosco | D44: Rua Domingos Povoa Borges | E44: 376 | F44: Entulho/Remoção | I44: =COUNT(I13:I42)*7 -> 154 | J44: =SUM(J13:J42) -> -15.55 | K44: =(I44-J44)/COUNT(I13:I42) -> 7.7068182
B45: 46294 | C45: Comendador Walmor | D45: Rua Jaraguá | E45: 11 | F45: Entulho/Remoção
B46: 46294 | C46: Jardim Nova Era | D46: Rua Gonçalves Dias | F46: Entulho/Remoção
B47: 46294 | C47: Residencial Campos Eliseos | D47: Rua Canes | E47: 480 | F47: Entulho/Remoção
B48: 46294 | C48: Residencial Campos Eliseos | D48: Rua Bastilha | E48: 439 | F48: Entulho/Remoção
B49: 46294 | C49: Jardim Nova Era | D49: Rua Píres Do Rio | E49: 893 | F49: Entulho/Remoção
B50: 46295 | C50: Comendador Walmor | D50: Rua Rio Verde | E50: 1 | F50: Entulho/Remoção
B51: 46295 | C51: Jardim Nova Era | D51: Av. Monteiro Lobato | E51: 13 | F51: Entulho/Remoção
B52: 46295 | C52: Jardim Buriti Sereno | D52: Rua Ribeirão Preto | E52: 1 | F52: Entulho/Remoção
B53: 46295 | C53: Residencial Campos Eliseos | D53: Rua Canes | E53: 433 | F53: Entulho/Remoção
B54: 46295 | C54: Jardim Dom Bosco | D54: Rua Zacarias Alves Lima | E54: 662 | F54: Entulho/Remoção
B55: 46295 | C55: Jardim Nova Era | D55: Rua Gonçalves Dias | E55: 2090 | F55: Entulho/Remoção
B56: 46295 | C56: Setor Fabrício | D56: Rua Topázio | E56: 139 | F56: Entulho/Remoção
B57: 46295 | C57: Jardim Nova Era | D57: Rua José Bonifácio | E57: 1019 | F57: Entulho/Remoção
B58: 46295 | C58: Colina Azul | D58: Rua Cardeal | E58: 679 | F58: Entulho/Remoção
... B80: 46296 | C80: Comendador Walmor | D80: Rua Goiás | E80: 6 | F80: Entulho/Remoção
B81: 46296 | C81: Comendador Walmor | D81: Rua Vila Nova | E81: Lt.30 | F81: Entulho/Remoção
B82: 46296 | C82: Jardim Dom Bosco | D82: Rua Maria Ferreira Leal | E82: 104 | F82: Entulho/Remoção
B83: 46296 | C83: Residencial Campos Eliseos | D83: Rua Provença | E83: 2c | F83: Entulho/Remoção
B84: 46296 | C84: Cidade Satelite São Luiz | D84: Rua José Lins Do Rêgo | E84: 161 | F84: Entulho/Remoção
B85: 46297 | C85: Jardim Dom Bosco | D85: Rua Maria Ferreira Leal | E85: 104 | F85: Entulho/Remoção
B86: 46297 | C86: Jardim Nova Era | D86: Rua Gonçalves Dias | E86: 50 | F86: Entulho/Remoção
B87: 46297 | C87: Residencial Campos Eliseos | D87: Rua Bretanha | E87: 2172 | F87: Entulho/Remoção
B88: 46297 | C88: Jardim Nova Era | D88: Rua São Miguel | E88: 61 | F88: Entulho/Remoção
B89: 46297 | C89: Jardim Olimpico | D89: Av. Santa Rita | E89: Qd.07 Lt.04 | F89: Entulho/Remoção
B90: 46297 | C90: Jardim Olimpico | D90: Rua X-50 | E90: 28 | F90: Entulho/Remoção
B91: 46297 | C91: Comendador Walmor | D91: Rua Oderdenge | E91: 257 | F91: Entulho/Remoção
B92: 46297 | C92: Comendador Walmor | D92: Rua Vila Nova | E92: 73 | F92: Entulho/Remoção
B93: 46297 | C93: Residencial Campos Eliseos | D93: Rua Canea | E93: 43 | F93: Entulho/Remoção
B94: 46297 | C94: Jardim Nova Era | D94: Av. Graça Aranha | E94: Qd.32 | F94: Entulho/Remoção
B95: 46298 | C95: Goiania Park Sul | D95: Av. 28 De Abril | F95: Entulho/Remoção
B96: 46300 | C96: Jardim Nova Era | D96: Rua São Jorge | E96: Qd.29 | F96: Entulho/Remoção
B97: 46300 | C97: Residencial Campos Eliseos | D97: Rua Provença | E97: 45 | F97: Entulho/Remoção
B98: 46300 | C98: Jardim Nova Era | D98: Av. Nova Era | E98: 371 | F98: Entulho/Remoção
B99: 46300 | C99: Garavelo | D99: Rua 30-C | E99: 80 | F99: Entulho/Remoção
B100: 46300 | C100: Jardim Dom Bosco | D100: Rua Dr. Odilon Macedo | E100: 207 | F100: Entulho/Remoção
B101: 46300 | C101: Garavelo Residencial Park | D101: Rua 5-E | E101: Qd.33 | F101: Entulho/Remoção
B102: 46300 | C102: Garavelo Residencial Park | D102: Rua 16-C | E102: 91 | F102: Entulho/Remoção
B103: 46300 | C103: Jardim Dom Bosco | D103: Rua Luiz Ferreira Leal | E103: 146 | F103: Entulho/Remoção
B104: 46300 | C104: Jardim Dom Bosco | D104: Rua Maria Ferreira Leal | E104: 75 | F104: Entulho/Remoção
B105: 46300 | C105: Jardim Dom Bosco | D105: Rua Moacir Camilo Nascimento | E105: 685 | F105: Entulho/Remoção
B106: 46300 | C106: Garavelo | D106: Rua 18-C | E106: 3 | F106: Entulho/Remoção
B107: 46300 | C107: Independência | D107: Rua 53 | E107: 182 | F107: Entulho/Remoção
B108: 46300 | C108: Garavelo | D108: Rua 19-C | E108: 21 | F108: Entulho/Remoção
B109: 46300 | C109: Papillon Park | D109: Rua L-17 | E109: 232 | F109: Entulho/Remoção
B110: 46300 | C110: Jardim Nova Era | D110: Av. Viléla | E110: 355 | F110: Entulho/Remoção
B111: 46300 | C111: Jardim Dom Bosco | D111: Rua Terezinha Leal Povoa | E111: 2 | F111: Entulho/Remoção
B112: 46300 | C112: Garavelo | D112: Rua 34C | E112: 117 | F112: Entulho/Remoção
B113: 46300 | C113: Jardim Dom Bosco | D113: Rua Lenor Artiaga Povoa | E113: 110 | F113: Entulho/Remoção
B114: 46300 | C114: Jardim Nova Era | D114: Rua Silva Bueno | E114: Qd.12 | F114: Entulho/Remoção
B115: 46301 | C115: Independência | D115: Rua 52 | E115: 16 | F115: Entulho/Remoção
B116: 46301 | C116: Vila Brasilia | D116: Rua Paraguassu | E116: Qd.113 | F116: Entulho/Remoção
B117: 46301 | C117: Jardim Dom Bosco | D117: Rua Lenor Artiaga Povoa | E117: 1 | F117: Entulho/Remoção
B118: 46301 | C118: Residencial Campos Eliseos | D118: Rua Provença | E118: Qd.45 | F118: Entulho/Remoção
B119: 46301 | C119: Conj. Bela Morada | D119: Rua Rômulo Macedo | E119: 1782 | F119: Entulho/Remoção
B120: 46301 | C120: Garavelo | D120: Av. Democratas | E120: 169 | F120: Entulho/Remoção
B121: 46301 | C121: Jardim Dom Bosco | D121: Rua Cap. José Francisco Povoa | E121: 46143 | F121: Entulho/Remoção
B122: 46301 | C122: Jardim Nova Era | D122: Rua Silva Bueno | E122: 12 | F122: Entulho/Remoção
B123: 46301 | C123: Residencial Park São Garavelo | D123: Rua 6-E | E123: 42 | F123: Entulho/Remoção
B124: 46301 | C124: Jardim Dom Bosco | D124: Av. Dr. Epitacio Saraiva Da Cruz | E124: 672 | F124: Entulho/Remoção
...

Sheet TabelaFeira
A1: SERVIÇO | B1: DATA | C1: LOCAL | D1: TIPO DE EQUIPAMENTO | E1: UNIDADE | F1: QUANTIDADE | G1: OBSERVAÇÃO

Sheet ListaFeira
D2: OBJETO: Contratação de empresa especializada para a prestação de “Serviços de limpeza pública urbana do município de Aparecida de Goiânia, Estado de Goiás, compreendendo os serviços de coleta domiciliar e comercial, varrição mecanizada, varrição manual, e equipe de serviços diversos de remoção de entulhos e materiais inservíveis, capina e raspagem”
D3: CONCORRÊNCIA PÚBLICA TIPO: | E3: MENOR PREÇO N° 012/2023
D4: CONTRATO: | E4: =#REF! -> #REF!
D5: DATA: | E5: =#REF! -> #REF!
D6: CONTRATADA: | E6: CONSORCIO SQ APARECIDA SUSTENTÁVEL - CNPJ.: 56.309.119/0001-03
D7: PERÍODO: | E7: =#REF! -> #REF!
B9: =#REF! -> #REF!
B11: DIAS X LOCAL X TURNO
B12: Nº | C12: Dia | D12: Local | E12: Turno | F12: Endereço
B13: 76 | C13: SEGUNDA | D13: Retiro do Bosque | E13: Not. | F13: R Aroeira Qd 10 c/ Av 15 de Nov. | G13: 1
B14: 54 | C14: TERÇA | D14: American Park | E14: Not. | F14: Rua J - 44 Qd 09 | G14: 2
B15: 30 | D15: Cidade Vera Cruz II | E15: Not. | F15: Avenida V - 01 Qd 224 | G15: 3
B16: 42 | D16: Jardim Alto Paraíso | E16: Not. | F16: Rua Santa Izabel Qd 84 | G16: 4
B17: 60 | D17: Setor Colina Azul | E17: Not. | F17: Avenida Dom Fernando Qd 23 | G17: 5
B18: 13 | D18: Setor dos Afonsos | E18: Not. | F18: Rua Campos Belos | G18: 6
B19: 40 | D19: Vila Maria | E19: Not. | F19: Avenida Odorico Neri Qd 59 | G19: 7
D20: COLONIAL SUL (paulino) | E20: Not. | F20: Av. Rodolfo Tavares com Nevada | G20: 8
D21: TANGARÁ / Rio das Pedras | E21: Not. | G21: 9
B22: 86 | C22: QUARTA | D22: Célia Maria | E22: Not. | F22: Rua das araras c/ Av. Santana | G22: 10
B23: 29 | D23: Cidade Vera Cruz I | E23: Not. | F23: Av. V - 07 Qd 139 c/ Rua H - 55 | G23: 11
B24: 24 | D24: Cruzeiro do Sul | E24: MAT. | F24: Rua do Canavial Qd 13 | G24: 12
B25: 64 | D25: Independência Mansões | E25: Not. | F25: Avenida Arão de Souza Qd 172 | G25: 13
B26: 10 | D26: Jardim Nova Era | E26: Not. | F26: Avenida Mineira Qd 06 | G26: 14
B27: 61 | D27: Jardim Olímpico | E27: Not. | F27: Av. Monte Carlos Qd 41 Lt 01 | G27: 15
B28: 20 | D28: Jardim Tiradentes | E28: Not. | F28: Avenida D Qd 56 | G28: 16
B29: 25 | D29: Setor Garavelo | E29: Not. | F29: Avenida da Fraternidade Qd 32 | G29: 17
B30: 78 | D30: Village Garavelo | E30: Not. | F30: R. do Arco do Triunfo Qd 26 Lt 19 | G30: 18
B31: 84 | D31: Jardim Esmeralda (Especial) | E31: Not | F31: Rua Cuiabá | G31: 19
D32: BRO INDEPENDÊNCIA – BB | F32: Avenida Atlântida | G32: 20
D33: PARQUE HAYALA | E33: Not. | F33: Rua Aimorés
D34: ROSA DOS VENTOS | G34: 22
B35: 17 | C35: QUINTA | D35: Bairro Hilda | E35: Not. | F35: Av. Ilda Praça Carlos Leopoldo Qd 23 | G35: 24
B36: 43 | D36: Bairro Nova Cidade | E36: Not. | F36: Avenida 21 de Abril Qd 18 | G36: 25
B37: 63 | D37: Caraíbas | E37: Not. | F37: Avenida Aragoiânia Qd 31 | G37: 26
B38: 37 | D38: Conjunto Planície | E38: Not. | F38: Al. Geraldinho Franco Qd 51 | G38: 27
B39: 22 | D39: Parque das Nações (paulino) | E39: Not. | F39: Avenida das Nações Qd 30 | G39: 28
B40: 38 | D40: Parque Trindade | E40: Not. | F40: Av. Wilton pinheiro Qd 47 c/ 46 | G40: 29
B41: 36 | D41: Setor Garavelo | E41: Not. | F41: Rua 15 Qd 147 | G41: 30
B42: 32 | D42: Vila Brasília | E42: Not | F42: Rua Timbiras Qd 15 | G42: 31
B43: 5 | D43: Vila Brasília (Especial) | E43: Not. | F43: Avenida Anápolis Qd 26 | G43: 32
B44: 56 | D44: Jardim Luz (Especial) | E44: Not. | F44: Av. José Leandro da Cruz Qd 95 | G44: 33
D45: PONTAL SUL | G45: 34
D46: CONJUNTO MABEL | G46: 35
D47: RIVIERA
B48: 4 | C48: SEXTA | D48: Aparecida – Centro | E48: MAT. | F48: Avenida Dom Abel Ribeiro | G48: 36
B49: 33 | D49: Conjunto Santa Fé | E49: Not. | F49: Rua Alto Qd 44 | G49: 38
B50: 26 | D50: Jardim dos Buritis | E50: Not. | F50: Rua do Cravo Qd 07 | G50: 39
B51: 77 | D51: Morada dos Pássaros | E51: Not. | F51: Avenida Uirapuru | G51: 40
B52: 12 | D52: Setor Papilon Park | E52: Not. | F52: Rua L-14 e L-17 Qd 38 | G52: 41
B53: 83 | D53: Setor Santo André | E53: Not. | F53: Avenida Adalberto Ferreira Qd 19 | G53: 42
B54: 82 | D54: Setor Serra Dourada | E54: Not. | F54: Avenida Rita de Campos Qd 01 | G54: 43
B55: 44 | D55: Vila Souza | E55: Not. | F55: Avenida Nossa Senhora Qd 09 | G55: 44
B56: 6 | D56: Setor dos Afonsos (Especial) | E56: Not. | F56: Rua Jandaia Qd 125 | G56: 45
B57: 7 | D57: Setor Garavelo (Especial) | E57: Not. | F57: Avenida Tropical | G57: 46
D58: JARDIM BURITI SERENO | E58: (paulino) NOT | F58: RUA GENERAL GLICÉRIO QD 116 | G58: 47
D59: Ibirapuera / Cascata | F59: Avenida Central
D60: Pontal sul - paulino Col. Militar. | E60: Not | F60: Avenida Anchieta Qd 05 Lt 04 | G60: 48
B61: 35 | C61: SÁBADO | D61: Conjunto Estrela do Sul | E61: Not. | F61: Avenida V- 03 Qd 163 | G61: 49
B62: 60 | D62: Feira Coberta – Cid. Vera Cruz | E62: Not. | F62: Avenida V - 05 c/ V - 06 | G62: 50
B63: 28 | D63: Jardim Alto Paraíso | E63: Not. | F63: Avenida São Marcos Qd 36 | G63: 51
B64: 39 | D64: Jardim Buriti Sereno | E64: MAT. | F64: Avenida Ribeirão Porto Qd 279 | G64: 52
B65: 27 | D65: Jardim Rosa do Sul | E65: Not. | F65: Rua Sempre Viva Qd 07 | G65: 53
B66: 58 | D66: Setor Colina Azul | E66: MAT. | F66: Avenida Flamingo Qd 23 | G66: 54
B67: 62 | D67: Setor Cruzeiro do Sul | E67: MAT. | F67: Rua do Canavial Qd 279 | G67: 55
B68: 31 | D68: Setor Expansul | E68: Not. | F68: Av. Cel. Eduardo A. Barros Qd 27 | G68: 56
B69: 8 | D69: Setor Garavelo | E69: MAT. | F69: Avenida Aragoiânia Qd 25 | G69: 57
B70: 34 | D70: Setor Veiga Jardim | E70: MAT. | F70: Avenida Major Brandao Qd 91 | G70: 58
B71: 14 | D71: Vila Alzira | E71: Not. | F71: Rua Araruama Qd 39 | G71: 59
B72: 9 | D72: Setor Cruzeiro do Sul (Especial) | E72: Not. | F72: Rua do Canavial Qd 13 | G72: 60
B73: 52 | D73: Jardim Bela Vista (Especial) | E73: Not. | F73: Avenida Bela Vista | G73: 61
D74: SANTA LUZIA | F74: ATRÁS DO ATLANTA | G74: 62
D75: VILA OLIVEIRA (SÍLVIO) | F75: APÓS O COLÉGIO | G75: 63
D76: JARDIM MONTE CRISTO | G76: 64
D77: Terra prometida | E77: Not.
D78: CIDADE SATÉLITE LUIZ | F78: PRAÇA DA AV GRAÇA ARANHA | G78: 65
D79: PONTAL SUL II (BICO DA PRAÇA) | E79: (paulino) | F79: Avenida das Nações | G79: 66
B80: 11 | C80: DOMINGO | D80: Cidade Livre | E80: MAT. | F80: Avenida Dom Fernando Qd 11 | G80: 67
B81: 41 | D81: Independência Mansões | E81: MAT. | F81: Avenida Arão de Souza Qd 172 | G81: 68
B82: 57 | D82: Jardim Olímpico | E82: MAT. | F82: Avenida Olímpica Qd 25 | G82: 69
B83: 19 | D83: Jardim Tiradentes | E83: MAT. | F83: Rua 02 Qd 19 | G83: 70
B84: 16 | D84: Setor Garavelo | E84: MAT. | F84: Avenida Tropical Qd 25 | G84: 71
B85: 15 | D85: Setor Papilon Park | E85: MAT. | F85: Rua J - 16 c/ J - 02 | G85: 72
B86: 53 | D86: Vila Brasília | E86: MAT. | F86: Rua Recife Qd 69 | G86: 73
B87: 18 | D87: Aparecida – Centro (Especial) | E87: Not. | F87: Av. João Batista de Toledo (Praça) | G87: 74
B88: 80 | D88: Nova Era (Especial) | E88: Not. | F88: Avenida Mineira Qd 06 | G88: 75

Sheet FEIRAS
D2: OBJETO: Contratação de empresa especializada para a prestação de “Serviços de limpeza pública urbana do município de Aparecida de Goiânia, Estado de Goiás, compreendendo os serviços de coleta domiciliar e comercial, varrição mecanizada, varrição manual, e equipe de serviços diversos de remoção de entulhos e materiais inservíveis, capina e raspagem”
D3: CONCORRÊNCIA PÚBLICA TIPO: | E3: MENOR PREÇO N° 012/2023
D4: CONTRATO: | E4: =#REF! -> #REF!
D5: DATA: | E5: =#REF! -> #REF!
D6: CONTRATADA: | E6: CONSORCIO SQ APARECIDA SUSTENTÁVEL - CNPJ.: 56.309.119/0001-03
D7: PERÍODO: | E7: =#REF! -> #REF!
B9: =ListaFeira!B9 -> #REF!
B10: DIAS X LOCAL X TURNO
B11: DATA | C11: DIA DA SEMANA | D11: TURNO | E11: BAIRRO | F11: ENDEREÇO
B12: 46290 | C12: Sexta-Feira | D12: Noturno | E12: Rua Lia | F12: Papillon Park
B13: 46290 | C13: Sexta-Feira | D13: Noturno | E13: Rua Sacramento | F13: Setor dos Afonsos
B14: 46290 | C14: Sexta-Feira | D14: Noturno | E14: Rua H016 | F14: Cidade Vera Cruz
B15: 46290 | C15: Sexta-Feira | D15: Noturno | E15: Avenida Tropical | F15: Jardim Tropical
B16: 46290 | C16: Sexta-Feira | D16: Noturno | E16: Avenida Boa Esperança | F16: Jardim Buriti Sereno
B17: 46290 | C17: Sexta-Feira | D17: Noturno | E17: Avenida Vinte e Um de Abril | F17: Jardim Tiradentes
B18: 46290 | C18: Sexta-Feira | D18: Noturno | E18: Avenida Anchieta | F18: Setor Pontal Sul
B19: 46290 | C19: Sexta-Feira | D19: Noturno | E19: Avenida Rita Campos | F19: Serra Dourada 2
B20: 46290 | C20: Sexta-Feira | D20: Noturno | E20: Avenida Adalberto Ferreira | F20: Setor Santo André
B21: 46290 | C21: Sexta-Feira | D21: Noturno | E21: Rua do Cravo | F21: Jardim dos Buritis
B22: 46291 | C22: Sábado | D22: Noturno | E22: Avenida Cel. Eduardo A. Barros | F22: Loteamento Expansul
B23: 46291 | C23: Sábado | D23: Noturno | E23: Rua Araruama | F23: Vila Alzira
... B68: 46297 | C68: Sexta-Feira | D68: Noturno | E68: Rua do Cravo | F68: Jardim dos Buritis
B69: 46298 | C69: Sábado | D69: Noturno | E69: Avenida Cel. Eduardo A. Barros | F69: Loteamento Expansul | G69: 45743
B70: 46298 | C70: Sábado | D70: Noturno | E70: Rua Araruama | F70: Vila Alzira
B71: 46298 | C71: Sábado | D71: Noturno | E71: Rua do Canavial | F71: Conjunto Cruzeiro do Sul
B72: 46298 | C72: Sábado | D72: Noturno | E72: Avenida Atlântica | F72: Jardim Riviera Sul
B73: 46298 | C73: Sábado | D73: Noturno | E73: Rua H34 | F73: Conjunto Estrela do Sul
B74: 46298 | C74: Sábado | D74: Noturno | E74: Rua Panamá | F74: Setor Pontal Sul
B75: 46299 | C75: Domingo | D75: Noturno | E75: Rua João Batista De Tôledo | F75: Centro
B76: 46300 | C76: Segunda-feira | D76: Noturno | E76: Rua Aroeira Loteamento | F76: Retiro Do Bosque
B77: 46301 | C77: Terça-Feira | D77: Noturno | E77: Colina Azul | F77: Avenida Dom Fernando Gomes dos Santos
B78: 46301 | C78: Terça-Feira | D78: Noturno | E78: vila Maria | F78: Rua wilton pinheiro de lima
B79: 46301 | C79: Terça-Feira | D79: Noturno | E79: Setor dos afonsos | F79: Avenida Jandiai
B80: 46301 | C80: Terça-Feira | D80: Noturno | E80: Cidade vera cruz | F80: Avenida V1
B81: 46301 | C81: Terça-Feira | D81: Noturno | E81: Mansões Paraiso | F81: Avenida Senador Antonio Ramos Calado
... B199: 46317 | C199: Quinta-Feira | D199: Noturno | E199: Rua dos Pinheiros | F199: Residencial Caraigas

Sheet TabelaPodaÁrvore
A1: SERVIÇO | B1: DATA | C1: LOCAL | D1: TIPO DE EQUIPAMENTO | E1: UNIDADE | F1: QUANTIDADE | G1: OBSERVAÇÃO
A2: PODA DE ÁRVORE | B2: 46198 | C2: Cidade Satélite São Luíz, Av. Casemiro De Abreu | D2: CAMINHÃO CESTO | E2: EQUIPE | G2: Poda Árvore
A3: PODA DE ÁRVORE | B3: 46209 | C3: Parque Industrial Santo Antônio, Av. Quimbita Abrantes, Qd.23 Lt.14 | D3: CAMINHÃO CESTO | E3: EQUIPE | G3: Poda Árvore

Sheet PODA
D2: OBJETO: Contratação de empresa especializada para a prestação de “Serviços de limpeza pública urbana do município de Aparecida de Goiânia, Estado de Goiás, compreendendo os serviços de coleta domiciliar e comercial, varrição mecanizada, varrição manual, e equipe de serviços diversos de remoção de entulhos e materiais inservíveis, capina e raspagem”
D3: CONCORRÊNCIA PÚBLICA TIPO: | E3: MENOR PREÇO N° 012/2023
D4: CONTRATO: | E4: =#REF! -> #REF!
D5: DATA: | E5: =#REF! -> #REF!
D6: CONTRATADA: CONSORCIO SQ APARECIDA SUSTENTÁVEL - CNPJ.: 56.309.119/0001-03
D7: PERÍODO: | E7: =#REF! -> #REF!
B9: =#REF! -> #REF!
B11: DIAS X LOCAL X TURNO
B12: DATA | C12: BAIRRO | D12: AV/RUA | E12: COMPLEMENTO | F12: OBSERVAÇÃO
B13: 46294 | C13: Res. Araguaia | D13: Rua Sidnei Chaer de Souza | E13: Qd.3 Lt.27 | F13: Poda Árvore
B14: 46295 | C14: Jardins Viena | D14: Alameda Das Hortensias | E14: Qd.5 | F14: Poda Árvore
B15: 46296 | C15: Aeroporto Sul | D15: Av. Quarta Avenida | E15: Lt.20 | F15: Poda Árvore
B16: 46300 | C16: Jardim Cristalino | D16: Rua Guarani | E16: Qd. C4 | F16: Poda Árvore
B17: 46300 | C17: Conde Dos Arcos | D17: Rua Mucuri | F17: Poda Árvore
B18: 46300 | C18: Mansões Paraíso | D18: Rua J-68 | E18: Lt.6 | F18: Poda Árvore
B19: 46301 | C19: Mansões Paraíso | D19: Rua J-68 | F19: Poda Árvore
B20: 46302 | C20: Mansões Paraíso | D20: Rua J-68 | F20: Poda Árvore
B21: 46303 | C21: Mansões Paraíso | D21: Rua J-42 | F21: Poda Árvore
B22: 46303 | C22: Cardoso Continuação | D22: Rua 22 | E22: 624 | F22: Poda Árvore
B23: 46303 | C23: Cardoso Continuação | D23: Av. 5 | E23: Lt.18 | F23: Poda Árvore
B24: 46304 | C24: Mansões Paraíso | D24: Rua J-20 | F24: Poda Árvore
B25: 46308 | C25: Cidade Vera Cruz | D25: Rua H-58 | E25: 4 | F25: Poda Árvore
B26: 46308 | C26: Colina Azul | D26: Rua Cardeal | E26: Qd. 76 Lt.21 | F26: Poda Árvore
B27: 46308 | C27: Cidade Vera Cruz | D27: Av. V-4 | E27: 176 | F27: Poda Árvore
B28: 46308 | C28: Cardoso Continuação | D28: Av. Segunda Radial | F28: Poda Árvore
B29: 46309 | C29: Cardoso Continuação | D29: Av. Segunda Radial | F29: Poda Árvore
B30: 46310 | C30: Parque São Jorge | D30: Av. Senador Alfredo Nasser | F30: Poda Árvore
B31: 46310 | C31: Jardim Buriti Sereno | D31: Av. Dom Pedro | E31: 1 | F31: Poda Árvore
B32: 46310 | C32: Jardim Dos Buritis | D32: Av. Das Rosass | E32: Qd.16 Lt.22 | F32: Poda Árvore
B33: 46311 | C33: Independencia | D33: Av. Atlantida | F33: Poda Árvore
B34: 46314 | C34: Jardim Maria Inês | D34: Alameda Do Almeida | E34: 41000 | F34: Poda Árvore
B35: 46315 | C35: Jardim Dos Buritis | D35: Av. Das Rosass | E35: Qd.16 Lt.19 | F35: Poda Árvore
B36: 46315 | C36: Cardoso | D36: Av. Segunda Radial | F36: Poda Árvore
B37: 46316 | C37: Garavelo | D37: Av. República | E37: 788 | F37: Poda Árvore
B38: 46316 | C38: Cardoso | D38: Av. Segunda Radial | F38: Poda Árvore
B39: 46317 | C39: Jardim Tiradentes | D39: Av. B | E39: Lt.2 | F39: Poda Árvore
B40: 46317 | C40: Jardim Tiradentes | D40: Rua 43 | E40: 9 | F40: Poda Árvore
B41: 46317 | C41: Vila Romana | D41: Alameda São Pedro | E41: 17 | F41: Poda Árvore
B42: 46318 | C42: Reseidencial Park São Garavelo | D42: Rua 31 | E42: 120 | F42: Poda Árvore
B43: 46318 | C43: Central | D43: Rua São Francisco | E43: Lt.10 | F43: Poda Árvore
B44: 46318 | C44: Jardim Tropical | D44: Rua 103 | E44: 588 | F44: Poda Árvore
B45: 46318 | C45: Vila Souza | D45: Av. Nossa Sra. Aparecida | E45: Lt.4 | F45: Poda Árvore
F46: Poda Árvore
F47: Poda Árvore
F48: Poda Árvore
F49: Poda Árvore
F50: Poda Árvore
F51: Poda Árvore
F52: Poda Árvore
F53: Poda Árvore
F54: Poda Árvore
F55: Poda Árvore
F56: Poda Árvore
F57: Poda Árvore
... F59: Poda Árvore
